sport,wait_timeout,node_ttl,probe_size,reply_icmp_type,reply_icmp_code,reply_ipid,tos,node_link_count,proto,probe_sent_usec,probe_flowid,probe_attempt,reply_ttl,method,probe_sent_sec,stime,dst,hop_addr,probe_ttl,node_addr,dport,link_count,gaplimit,src,node_count,attempts,reply_rtt,confidence
36780,5,1,40,11,0,36,0,1,N/A,846061,36780,0,254,tcp-sport,1733576343,2024-12-07 09:59:03,185.131.204.20,191.112.0.1,2,192.168.1.1,33435,3,3,192.168.1.27,3,2,4.693,95
36780,5,1,40,11,0,48,0,1,N/A,96459,36781,0,254,tcp-sport,1733576344,2024-12-07 09:59:03,185.131.204.20,191.112.0.1,2,192.168.1.1,33435,3,3,192.168.1.27,3,2,4.656,95
36780,5,1,40,11,0,58,0,1,N/A,347068,36782,0,254,tcp-sport,1733576344,2024-12-07 09:59:03,185.131.204.20,191.112.0.1,2,192.168.1.1,33435,3,3,192.168.1.27,3,2,7.856,95
36780,5,1,40,11,0,67,0,1,N/A,597250,36783,0,254,tcp-sport,1733576344,2024-12-07 09:59:03,185.131.204.20,191.112.0.1,2,192.168.1.1,33435,3,3,192.168.1.27,3,2,4.096,95
36780,5,1,40,11,0,74,0,1,N/A,847342,36784,0,254,tcp-sport,1733576344,2024-12-07 09:59:03,185.131.204.20,191.112.0.1,2,192.168.1.1,33435,3,3,192.168.1.27,3,2,4.705,95
36780,5,1,40,11,0,82,0,1,N/A,97352,36785,0,254,tcp-sport,1733576345,2024-12-07 09:59:03,185.131.204.20,191.112.0.1,2,192.168.1.1,33435,3,3,192.168.1.27,3,2,5.052,95
36780,5,1,40,11,0,594,0,1,N/A,347948,36780,0,253,tcp-sport,1733576345,2024-12-07 09:59:03,185.131.204.20,10.50.3.9,3,191.112.0.1,33435,3,3,192.168.1.27,3,2,3.71,95
36780,5,1,40,11,0,391,0,1,N/A,598877,36781,0,253,tcp-sport,1733576345,2024-12-07 09:59:03,185.131.204.20,10.50.3.9,3,191.112.0.1,33435,3,3,192.168.1.27,3,2,3.991,95
36780,5,1,40,11,0,887,0,1,N/A,600872,36785,0,253,tcp-sport,1733576346,2024-12-07 09:59:03,185.131.204.20,10.50.3.9,3,191.112.0.1,33435,3,3,192.168.1.27,3,2,7.482,95
36780,5,1,40,11,0,933,0,1,N/A,851732,36786,0,253,tcp-sport,1733576346,2024-12-07 09:59:03,185.131.204.20,10.50.3.9,3,191.112.0.1,33435,3,3,192.168.1.27,3,2,6.058,95
36780,5,1,40,11,0,723,0,1,N/A,102175,36787,0,253,tcp-sport,1733576347,2024-12-07 09:59:03,185.131.204.20,10.50.3.9,3,191.112.0.1,33435,3,3,192.168.1.27,3,2,3.641,95
36780,5,1,40,11,0,774,0,1,N/A,352602,36788,0,253,tcp-sport,1733576347,2024-12-07 09:59:03,185.131.204.20,10.50.3.9,3,191.112.0.1,33435,3,3,192.168.1.27,3,2,4.275,95
36780,5,1,40,11,0,713,0,1,N/A,849253,36782,0,253,tcp-sport,1733576345,2024-12-07 09:59:03,185.131.204.20,10.50.3.21,3,191.112.0.1,33435,3,3,192.168.1.27,3,2,5.767,95
36780,5,1,40,11,0,248,0,1,N/A,99351,36783,0,253,tcp-sport,1733576346,2024-12-07 09:59:03,185.131.204.20,10.50.3.21,3,191.112.0.1,33435,3,3,192.168.1.27,3,2,4.76,95
36780,5,1,40,11,0,560,0,1,N/A,349866,36784,0,253,tcp-sport,1733576346,2024-12-07 09:59:03,185.131.204.20,10.50.3.21,3,191.112.0.1,33435,3,3,192.168.1.27,3,2,4.103,95
36780,5,1,40,11,0,48,0,1,N/A,602700,36789,0,253,tcp-sport,1733576347,2024-12-07 09:59:03,185.131.204.20,10.50.3.21,3,191.112.0.1,33435,3,3,192.168.1.27,3,2,4.376,95
36780,5,1,40,11,0,916,0,1,N/A,853517,36790,0,253,tcp-sport,1733576347,2024-12-07 09:59:03,185.131.204.20,10.50.3.21,3,191.112.0.1,33435,3,3,192.168.1.27,3,2,4.475,95
36780,5,1,40,11,0,215,0,1,N/A,104456,36780,0,253,tcp-sport,1733576348,2024-12-07 09:59:03,185.131.204.20,10.50.3.21,3,191.112.0.1,33435,3,3,192.168.1.27,3,2,3.34,95
36780,5,1,40,11,0,0,0,1,N/A,354575,36780,0,252,tcp-sport,1733576348,2024-12-07 09:59:03,185.131.204.20,10.50.3.22,4,191.112.0.1,33435,3,3,192.168.1.27,3,2,4.477,95
36780,5,1,40,11,0,0,0,1,N/A,605524,36781,0,252,tcp-sport,1733576348,2024-12-07 09:59:03,185.131.204.20,10.50.3.22,4,191.112.0.1,33435,3,3,192.168.1.27,3,2,4.431,95
36780,5,1,40,11,0,0,0,1,N/A,856407,36782,0,252,tcp-sport,1733576348,2024-12-07 09:59:03,185.131.204.20,10.50.3.22,4,191.112.0.1,33435,3,3,192.168.1.27,3,2,4.099,95
36780,5,1,40,11,0,0,0,1,N/A,107092,36783,0,252,tcp-sport,1733576349,2024-12-07 09:59:03,185.131.204.20,10.50.3.22,4,191.112.0.1,33435,3,3,192.168.1.27,3,2,4.33,95
36780,5,1,40,11,0,0,0,1,N/A,357495,36784,0,252,tcp-sport,1733576349,2024-12-07 09:59:03,185.131.204.20,10.50.3.22,4,191.112.0.1,33435,3,3,192.168.1.27,3,2,3.967,95
36780,5,1,40,11,0,0,0,1,N/A,608592,36785,0,252,tcp-sport,1733576349,2024-12-07 09:59:03,185.131.204.20,10.50.3.22,4,191.112.0.1,33435,3,3,192.168.1.27,3,2,4.418,95
36780,5,1,40,11,0,9158,0,1,N/A,859351,36780,0,250,tcp-sport,1733576349,2024-12-07 09:59:03,185.131.204.20,5.53.0.144,5,10.50.3.22,33435,3,3,192.168.1.27,3,2,5.355,95
36780,5,1,40,11,0,21116,0,1,N/A,113314,36784,0,250,tcp-sport,1733576380,2024-12-07 09:59:03,185.131.204.20,5.53.0.144,5,10.50.3.22,33435,3,3,192.168.1.27,3,2,4.703,95
N/A,5,1,44,11,0,798,0,1,N/A,549377,1,0,254,icmp-echo,1733576557,2024-12-07 10:02:37,5.161.76.19,191.112.0.1,2,192.168.1.1,N/A,3,3,192.168.1.27,3,2,5.461,95
N/A,5,1,44,11,0,801,0,1,N/A,800130,2,0,254,icmp-echo,1733576557,2024-12-07 10:02:37,5.161.76.19,191.112.0.1,2,192.168.1.1,N/A,3,3,192.168.1.27,3,2,4.341,95
N/A,5,1,44,11,0,803,0,1,N/A,50850,3,0,254,icmp-echo,1733576558,2024-12-07 10:02:37,5.161.76.19,191.112.0.1,2,192.168.1.1,N/A,3,3,192.168.1.27,3,2,4.746,95
N/A,5,1,44,11,0,805,0,1,N/A,300951,4,0,254,icmp-echo,1733576558,2024-12-07 10:02:37,5.161.76.19,191.112.0.1,2,192.168.1.1,N/A,3,3,192.168.1.27,3,2,4.997,95
N/A,5,1,44,11,0,806,0,1,N/A,551149,5,0,254,icmp-echo,1733576558,2024-12-07 10:02:37,5.161.76.19,191.112.0.1,2,192.168.1.1,N/A,3,3,192.168.1.27,3,2,5.656,95
N/A,5,1,44,11,0,807,0,1,N/A,802126,6,0,254,icmp-echo,1733576558,2024-12-07 10:02:37,5.161.76.19,191.112.0.1,2,192.168.1.1,N/A,3,3,192.168.1.27,3,2,4.111,95
N/A,5,1,44,11,0,770,0,1,N/A,52642,1,0,253,icmp-echo,1733576559,2024-12-07 10:02:37,5.161.76.19,10.50.3.9,3,191.112.0.1,N/A,3,3,192.168.1.27,3,2,3.927,95
N/A,5,1,44,11,0,903,0,1,N/A,552936,3,0,253,icmp-echo,1733576559,2024-12-07 10:02:37,5.161.76.19,10.50.3.9,3,191.112.0.1,N/A,3,3,192.168.1.27,3,2,3.106,95
N/A,5,1,44,11,0,53,0,1,N/A,304923,6,0,253,icmp-echo,1733576560,2024-12-07 10:02:37,5.161.76.19,10.50.3.9,3,191.112.0.1,N/A,3,3,192.168.1.27,3,2,3.752,95
N/A,5,1,44,11,0,108,0,1,N/A,555033,7,0,253,icmp-echo,1733576560,2024-12-07 10:02:37,5.161.76.19,10.50.3.9,3,191.112.0.1,N/A,3,3,192.168.1.27,3,2,3.995,95
N/A,5,1,44,11,0,172,0,1,N/A,805418,8,0,253,icmp-echo,1733576560,2024-12-07 10:02:37,5.161.76.19,10.50.3.9,3,191.112.0.1,N/A,3,3,192.168.1.27,3,2,4.174,95
N/A,5,1,44,11,0,344,0,1,N/A,557098,11,0,253,icmp-echo,1733576561,2024-12-07 10:02:37,5.161.76.19,10.50.3.9,3,191.112.0.1,N/A,3,3,192.168.1.27,3,2,4.034,95
N/A,5,1,44,11,0,828,0,1,N/A,302919,2,0,253,icmp-echo,1733576559,2024-12-07 10:02:37,5.161.76.19,10.50.3.21,3,191.112.0.1,N/A,3,3,192.168.1.27,3,2,3.814,95
N/A,5,1,44,11,0,955,0,1,N/A,803479,4,0,253,icmp-echo,1733576559,2024-12-07 10:02:37,5.161.76.19,10.50.3.21,3,191.112.0.1,N/A,3,3,192.168.1.27,3,2,4.213,95
N/A,5,1,44,11,0,1016,0,1,N/A,54074,5,0,253,icmp-echo,1733576560,2024-12-07 10:02:37,5.161.76.19,10.50.3.21,3,191.112.0.1,N/A,3,3,192.168.1.27,3,2,4.389,95
N/A,5,1,44,11,0,229,0,1,N/A,56022,9,0,253,icmp-echo,1733576561,2024-12-07 10:02:37,5.161.76.19,10.50.3.21,3,191.112.0.1,N/A,3,3,192.168.1.27,3,2,4.258,95
N/A,5,1,44,11,0,288,0,1,N/A,306725,10,0,253,icmp-echo,1733576561,2024-12-07 10:02:37,5.161.76.19,10.50.3.21,3,191.112.0.1,N/A,3,3,192.168.1.27,3,2,3.965,95
N/A,5,1,44,11,0,409,0,1,N/A,807547,1,0,253,icmp-echo,1733576561,2024-12-07 10:02:37,5.161.76.19,10.50.3.21,3,191.112.0.1,N/A,3,3,192.168.1.27,3,2,3.63,95
N/A,5,1,44,11,0,13,0,1,N/A,58502,1,0,252,icmp-echo,1733576562,2024-12-07 10:02:37,5.161.76.19,10.50.3.10,4,191.112.0.1,N/A,3,3,192.168.1.27,3,2,4.439,95
N/A,5,1,44,11,0,84,0,1,N/A,309384,2,0,252,icmp-echo,1733576562,2024-12-07 10:02:37,5.161.76.19,10.50.3.10,4,191.112.0.1,N/A,3,3,192.168.1.27,3,2,4.577,95
N/A,5,1,44,11,0,161,0,1,N/A,560143,3,0,252,icmp-echo,1733576562,2024-12-07 10:02:37,5.161.76.19,10.50.3.10,4,191.112.0.1,N/A,3,3,192.168.1.27,3,2,3.836,95
N/A,5,1,44,11,0,227,0,1,N/A,810342,4,0,252,icmp-echo,1733576562,2024-12-07 10:02:37,5.161.76.19,10.50.3.10,4,191.112.0.1,N/A,3,3,192.168.1.27,3,2,4.577,95
N/A,5,1,44,11,0,296,0,1,N/A,61196,5,0,252,icmp-echo,1733576563,2024-12-07 10:02:37,5.161.76.19,10.50.3.10,4,191.112.0.1,N/A,3,3,192.168.1.27,3,2,3.77,95
N/A,5,1,44,11,0,355,0,1,N/A,312171,6,0,252,icmp-echo,1733576563,2024-12-07 10:02:37,5.161.76.19,10.50.3.10,4,191.112.0.1,N/A,3,3,192.168.1.27,3,2,4.262,95
N/A,5,1,44,11,0,0,0,1,N/A,570071,2,0,250,icmp-echo,1733576573,2024-12-07 10:02:37,5.161.76.19,213.140.39.160,5,10.50.3.10,N/A,3,3,192.168.1.27,3,2,6.56,95
N/A,5,1,44,11,0,200,0,1,N/A,941491,1,0,254,icmp-echo,1733576137,2024-12-07 09:55:37,185.131.204.20,191.112.0.1,2,192.168.1.1,N/A,3,3,192.168.1.27,3,2,6.106,95
N/A,5,1,44,11,0,202,0,1,N/A,191958,2,0,254,icmp-echo,1733576138,2024-12-07 09:55:37,185.131.204.20,191.112.0.1,2,192.168.1.1,N/A,3,3,192.168.1.27,3,2,4.26,95
N/A,5,1,44,11,0,203,0,1,N/A,442570,3,0,254,icmp-echo,1733576138,2024-12-07 09:55:37,185.131.204.20,191.112.0.1,2,192.168.1.1,N/A,3,3,192.168.1.27,3,2,4.719,95
N/A,5,1,44,11,0,205,0,1,N/A,692598,4,0,254,icmp-echo,1733576138,2024-12-07 09:55:37,185.131.204.20,191.112.0.1,2,192.168.1.1,N/A,3,3,192.168.1.27,3,2,6.197,95
N/A,5,1,44,11,0,206,0,1,N/A,943163,5,0,254,icmp-echo,1733576138,2024-12-07 09:55:37,185.131.204.20,191.112.0.1,2,192.168.1.1,N/A,3,3,192.168.1.27,3,2,4.494,95
N/A,5,1,44,11,0,207,0,1,N/A,194006,6,0,254,icmp-echo,1733576139,2024-12-07 09:55:37,185.131.204.20,191.112.0.1,2,192.168.1.1,N/A,3,3,192.168.1.27,3,2,4.107,95
N/A,5,1,44,11,0,582,0,1,N/A,946316,3,0,253,icmp-echo,1733576139,2024-12-07 09:55:37,185.131.204.20,10.50.3.9,3,191.112.0.1,N/A,3,3,192.168.1.27,3,2,3.46,95
N/A,5,1,44,11,0,627,0,1,N/A,197128,4,0,253,icmp-echo,1733576140,2024-12-07 09:55:37,185.131.204.20,10.50.3.9,3,191.112.0.1,N/A,3,3,192.168.1.27,3,2,4.37,95
N/A,5,1,44,11,0,729,0,1,N/A,698170,6,0,253,icmp-echo,1733576140,2024-12-07 09:55:37,185.131.204.20,10.50.3.9,3,191.112.0.1,N/A,3,3,192.168.1.27,3,2,4.04,95
N/A,5,1,44,11,0,791,0,1,N/A,948555,7,0,253,icmp-echo,1733576140,2024-12-07 09:55:37,185.131.204.20,10.50.3.9,3,191.112.0.1,N/A,3,3,192.168.1.27,3,2,3.274,95
N/A,5,1,44,11,0,842,0,1,N/A,199187,8,0,253,icmp-echo,1733576141,2024-12-07 09:55:37,185.131.204.20,10.50.3.9,3,191.112.0.1,N/A,3,3,192.168.1.27,3,2,4.102,95
N/A,5,1,44,11,0,892,0,1,N/A,449648,9,0,253,icmp-echo,1733576141,2024-12-07 09:55:37,185.131.204.20,10.50.3.9,3,191.112.0.1,N/A,3,3,192.168.1.27,3,2,3.085,95
N/A,5,1,44,11,0,947,0,1,N/A,700062,10,0,253,icmp-echo,1733576141,2024-12-07 09:55:37,185.131.204.20,10.50.3.9,3,191.112.0.1,N/A,3,3,192.168.1.27,3,2,4.172,95
N/A,5,1,44,11,0,991,0,1,N/A,950597,11,0,253,icmp-echo,1733576141,2024-12-07 09:55:37,185.131.204.20,10.50.3.9,3,191.112.0.1,N/A,3,3,192.168.1.27,3,2,3.147,95
N/A,5,1,44,11,0,489,0,1,N/A,444461,1,0,253,icmp-echo,1733576139,2024-12-07 09:55:37,185.131.204.20,10.50.3.21,3,191.112.0.1,N/A,3,3,192.168.1.27,3,2,4.554,95
N/A,5,1,44,11,0,534,0,1,N/A,695393,2,0,253,icmp-echo,1733576139,2024-12-07 09:55:37,185.131.204.20,10.50.3.21,3,191.112.0.1,N/A,3,3,192.168.1.27,3,2,3.553,95
N/A,5,1,44,11,0,684,0,1,N/A,447842,5,0,253,icmp-echo,1733576140,2024-12-07 09:55:37,185.131.204.20,10.50.3.21,3,191.112.0.1,N/A,3,3,192.168.1.27,3,2,2.979,95
N/A,5,1,44,11,0,23,0,1,N/A,201125,3,0,253,icmp-echo,1733576142,2024-12-07 09:55:37,185.131.204.20,10.50.3.21,3,191.112.0.1,N/A,3,3,192.168.1.27,3,2,4.32,95
N/A,5,1,44,11,0,849,0,1,N/A,451814,1,0,252,icmp-echo,1733576142,2024-12-07 09:55:37,185.131.204.20,10.50.3.10,4,191.112.0.1,N/A,3,3,192.168.1.27,3,2,4.585,95
N/A,5,1,44,11,0,901,0,1,N/A,702789,2,0,252,icmp-echo,1733576142,2024-12-07 09:55:37,185.131.204.20,10.50.3.10,4,191.112.0.1,N/A,3,3,192.168.1.27,3,2,3.854,95
N/A,5,1,44,11,0,979,0,1,N/A,952934,3,0,252,icmp-echo,1733576142,2024-12-07 09:55:37,185.131.204.20,10.50.3.10,4,191.112.0.1,N/A,3,3,192.168.1.27,3,2,5.528,95
N/A,5,1,44,11,0,27,0,1,N/A,203809,4,0,252,icmp-echo,1733576143,2024-12-07 09:55:37,185.131.204.20,10.50.3.10,4,191.112.0.1,N/A,3,3,192.168.1.27,3,2,3.73,95
N/A,5,1,44,11,0,96,0,1,N/A,453903,5,0,252,icmp-echo,1733576143,2024-12-07 09:55:37,185.131.204.20,10.50.3.10,4,191.112.0.1,N/A,3,3,192.168.1.27,3,2,3.778,95
N/A,5,1,44,11,0,150,0,1,N/A,703986,6,0,252,icmp-echo,1733576143,2024-12-07 09:55:37,185.131.204.20,10.50.3.10,4,191.112.0.1,N/A,3,3,192.168.1.27,3,2,4.174,95
N/A,5,1,44,11,0,0,0,1,N/A,958564,1,1,250,icmp-echo,1733576148,2024-12-07 09:55:37,185.131.204.20,213.140.39.160,5,10.50.3.10,N/A,3,3,192.168.1.27,3,2,6.205,95
N/A,5,1,44,11,0,0,0,1,N/A,217087,3,0,250,icmp-echo,1733576159,2024-12-07 09:55:37,185.131.204.20,213.140.39.160,5,10.50.3.10,N/A,3,3,192.168.1.27,3,2,6.264,95
N/A,5,1,44,11,0,0,0,1,N/A,471075,4,1,250,icmp-echo,1733576164,2024-12-07 09:55:37,185.131.204.20,213.140.39.160,5,10.50.3.10,N/A,3,3,192.168.1.27,3,2,6.386,95
N/A,5,1,44,11,0,0,0,1,N/A,721856,5,0,250,icmp-echo,1733576164,2024-12-07 09:55:37,185.131.204.20,213.140.39.160,5,10.50.3.10,N/A,3,3,192.168.1.27,3,2,6.59,95
N/A,5,1,44,11,0,0,0,1,N/A,976097,6,1,250,icmp-echo,1733576169,2024-12-07 09:55:37,185.131.204.20,213.140.39.160,5,10.50.3.10,N/A,3,3,192.168.1.27,3,2,5.981,95
64118,5,1,40,11,0,69,0,1,N/A,924069,64118,0,254,tcp-sport,1733575814,2024-12-07 09:50:14,130.104.228.159,191.112.0.1,2,192.168.1.1,33435,2,3,192.168.1.27,2,2,5.132,95
64118,5,1,40,11,0,72,0,1,N/A,174778,64119,0,254,tcp-sport,1733575815,2024-12-07 09:50:14,130.104.228.159,191.112.0.1,2,192.168.1.1,33435,2,3,192.168.1.27,2,2,4.535,95
64118,5,1,40,11,0,73,0,1,N/A,425444,64120,0,254,tcp-sport,1733575815,2024-12-07 09:50:14,130.104.228.159,191.112.0.1,2,192.168.1.1,33435,2,3,192.168.1.27,2,2,4.502,95
64118,5,1,40,11,0,80,0,1,N/A,676448,64121,0,254,tcp-sport,1733575815,2024-12-07 09:50:14,130.104.228.159,191.112.0.1,2,192.168.1.1,33435,2,3,192.168.1.27,2,2,4.862,95
64118,5,1,40,11,0,84,0,1,N/A,926633,64122,0,254,tcp-sport,1733575815,2024-12-07 09:50:14,130.104.228.159,191.112.0.1,2,192.168.1.1,33435,2,3,192.168.1.27,2,2,4.807,95
64118,5,1,40,11,0,86,0,1,N/A,176748,64123,0,254,tcp-sport,1733575816,2024-12-07 09:50:14,130.104.228.159,191.112.0.1,2,192.168.1.1,33435,2,3,192.168.1.27,2,2,4.764,95
64118,5,1,40,11,0,750,0,1,N/A,677886,64119,0,253,tcp-sport,1733575816,2024-12-07 09:50:14,130.104.228.159,10.50.3.9,3,191.112.0.1,33435,2,3,192.168.1.27,2,2,4.63,95
64118,5,1,40,11,0,138,0,1,N/A,179905,64121,0,253,tcp-sport,1733575817,2024-12-07 09:50:14,130.104.228.159,10.50.3.9,3,191.112.0.1,33435,2,3,192.168.1.27,2,2,4.027,95
64118,5,1,40,11,0,905,0,1,N/A,430122,64122,0,253,tcp-sport,1733575817,2024-12-07 09:50:14,130.104.228.159,10.50.3.9,3,191.112.0.1,33435,2,3,192.168.1.27,2,2,3.978,95
64118,5,1,40,11,0,337,0,1,N/A,931472,64124,0,253,tcp-sport,1733575817,2024-12-07 09:50:14,130.104.228.159,10.50.3.9,3,191.112.0.1,33435,2,3,192.168.1.27,2,2,3.481,95
64118,5,1,40,11,0,384,0,1,N/A,182330,64125,0,253,tcp-sport,1733575818,2024-12-07 09:50:14,130.104.228.159,10.50.3.9,3,191.112.0.1,33435,2,3,192.168.1.27,2,2,4.148,95
64118,5,1,40,11,0,142,0,1,N/A,683064,64127,0,253,tcp-sport,1733575818,2024-12-07 09:50:14,130.104.228.159,10.50.3.9,3,191.112.0.1,33435,2,3,192.168.1.27,2,2,4.839,95
64118,5,1,40,11,0,245,0,1,N/A,183516,64119,0,253,tcp-sport,1733575819,2024-12-07 09:50:14,130.104.228.159,10.50.3.9,3,191.112.0.1,33435,2,3,192.168.1.27,2,2,18.67,95
64118,5,1,40,11,0,306,0,1,N/A,433540,64119,0,253,tcp-sport,1733575819,2024-12-07 09:50:14,130.104.228.159,10.50.3.9,3,191.112.0.1,33435,2,3,192.168.1.27,2,2,4.14,95
64118,5,1,40,11,0,976,0,1,N/A,426826,64118,0,253,tcp-sport,1733575816,2024-12-07 09:50:14,130.104.228.159,10.50.3.21,3,191.112.0.1,33435,2,3,192.168.1.27,2,2,3.691,95
64118,5,1,40,11,0,767,0,1,N/A,928889,64120,0,253,tcp-sport,1733575816,2024-12-07 09:50:14,130.104.228.159,10.50.3.21,3,191.112.0.1,33435,2,3,192.168.1.27,2,2,4.636,95
64118,5,1,40,11,0,128,0,1,N/A,680467,64123,0,253,tcp-sport,1733575817,2024-12-07 09:50:14,130.104.228.159,10.50.3.21,3,191.112.0.1,33435,2,3,192.168.1.27,2,2,3.617,95
64118,5,1,40,11,0,229,0,1,N/A,432837,64126,0,253,tcp-sport,1733575818,2024-12-07 09:50:14,130.104.228.159,10.50.3.21,3,191.112.0.1,33435,2,3,192.168.1.27,2,2,3.85,95
64118,5,1,40,11,0,544,0,1,N/A,933103,64128,0,253,tcp-sport,1733575818,2024-12-07 09:50:14,130.104.228.159,10.50.3.21,3,191.112.0.1,33435,2,3,192.168.1.27,2,2,3.936,95
64118,5,1,40,11,0,363,0,1,N/A,684274,64119,0,253,tcp-sport,1733575819,2024-12-07 09:50:14,130.104.228.159,10.50.3.21,3,191.112.0.1,33435,2,3,192.168.1.27,2,2,4.008,95
64118,5,1,40,11,0,937,0,1,N/A,934951,64118,0,252,tcp-sport,1733575819,2024-12-07 09:50:14,130.104.228.159,10.50.3.10,4,191.112.0.1,33435,2,3,192.168.1.27,2,2,4.43,95
64118,5,1,40,11,0,296,0,1,N/A,436850,64120,1,252,tcp-sport,1733575825,2024-12-07 09:50:14,130.104.228.159,10.50.3.10,4,191.112.0.1,33435,2,3,192.168.1.27,2,2,4.633,95
64118,5,1,40,11,0,502,0,1,N/A,686899,64121,0,252,tcp-sport,1733575825,2024-12-07 09:50:14,130.104.228.159,10.50.3.10,4,191.112.0.1,33435,2,3,192.168.1.27,2,2,4.632,95
64118,5,1,40,11,0,439,0,1,N/A,937976,64122,0,252,tcp-sport,1733575825,2024-12-07 09:50:14,130.104.228.159,10.50.3.10,4,191.112.0.1,33435,2,3,192.168.1.27,2,2,4.521,95
64118,5,1,40,11,0,523,0,1,N/A,188949,64123,0,252,tcp-sport,1733575826,2024-12-07 09:50:14,130.104.228.159,10.50.3.10,4,191.112.0.1,33435,2,3,192.168.1.27,2,2,4.564,95
64118,5,1,40,11,0,0,0,1,N/A,185826,64119,0,252,tcp-sport,1733575820,2024-12-07 09:50:14,130.104.228.159,10.50.3.22,4,191.112.0.1,33435,2,3,192.168.1.27,2,2,4.881,95
64118,5,1,40,11,0,0,0,1,N/A,439956,64124,0,252,tcp-sport,1733575826,2024-12-07 09:50:14,130.104.228.159,10.50.3.22,4,191.112.0.1,33435,2,3,192.168.1.27,2,2,3.945,95
64118,5,1,40,11,0,0,0,1,N/A,690770,64125,0,252,tcp-sport,1733575826,2024-12-07 09:50:14,130.104.228.159,10.50.3.22,4,191.112.0.1,33435,2,3,192.168.1.27,2,2,4.154,95
64118,5,1,40,11,0,0,0,1,N/A,941370,64126,0,252,tcp-sport,1733575826,2024-12-07 09:50:14,130.104.228.159,10.50.3.22,4,191.112.0.1,33435,2,3,192.168.1.27,2,2,9.506,95
64118,5,1,40,11,0,0,0,1,N/A,192326,64127,0,252,tcp-sport,1733575827,2024-12-07 09:50:14,130.104.228.159,10.50.3.22,4,191.112.0.1,33435,2,3,192.168.1.27,2,2,4.013,95
64118,5,1,40,11,0,0,0,1,N/A,442790,64128,0,252,tcp-sport,1733575827,2024-12-07 09:50:14,130.104.228.159,10.50.3.22,4,191.112.0.1,33435,2,3,192.168.1.27,2,2,4.85,95
62062,5,1,44,11,0,673,0,1,N/A,121475,33435,0,254,udp-dport,1733575544,2024-12-07 09:45:43,130.104.228.159,191.112.0.1,2,192.168.1.1,33435,2,3,192.168.1.27,2,2,4.513,95
62062,5,1,44,11,0,674,0,1,N/A,372448,33436,0,254,udp-dport,1733575544,2024-12-07 09:45:43,130.104.228.159,191.112.0.1,2,192.168.1.1,33435,2,3,192.168.1.27,2,2,4.524,95
62062,5,1,44,11,0,694,0,1,N/A,623493,33437,0,254,udp-dport,1733575544,2024-12-07 09:45:43,130.104.228.159,191.112.0.1,2,192.168.1.1,33435,2,3,192.168.1.27,2,2,8.264,95
62062,5,1,44,11,0,695,0,1,N/A,874142,33438,0,254,udp-dport,1733575544,2024-12-07 09:45:43,130.104.228.159,191.112.0.1,2,192.168.1.1,33435,2,3,192.168.1.27,2,2,4.996,95
62062,5,1,44,11,0,696,0,1,N/A,124499,33439,0,254,udp-dport,1733575545,2024-12-07 09:45:43,130.104.228.159,191.112.0.1,2,192.168.1.1,33435,2,3,192.168.1.27,2,2,11.497,95
62062,5,1,44,11,0,697,0,1,N/A,375415,33440,0,254,udp-dport,1733575545,2024-12-07 09:45:43,130.104.228.159,191.112.0.1,2,192.168.1.1,33435,2,3,192.168.1.27,2,2,5.056,95
62062,5,1,44,11,0,99,0,1,N/A,625886,33435,0,253,udp-dport,1733575545,2024-12-07 09:45:43,130.104.228.159,10.50.3.9,3,191.112.0.1,33435,2,3,192.168.1.27,2,2,3.703,95
62062,5,1,44,11,0,635,0,1,N/A,381650,33438,0,253,udp-dport,1733575551,2024-12-07 09:45:43,130.104.228.159,10.50.3.9,3,191.112.0.1,33435,2,3,192.168.1.27,2,2,4.204,95
62062,5,1,44,11,0,64,0,1,N/A,389196,33442,0,253,udp-dport,1733575557,2024-12-07 09:45:43,130.104.228.159,10.50.3.9,3,191.112.0.1,33435,2,3,192.168.1.27,2,2,3.952,95
62062,5,1,44,11,0,644,0,1,N/A,639613,33443,0,253,udp-dport,1733575557,2024-12-07 09:45:43,130.104.228.159,10.50.3.9,3,191.112.0.1,33435,2,3,192.168.1.27,2,2,4.151,95
62062,5,1,44,11,0,349,0,1,N/A,890207,33444,0,253,udp-dport,1733575557,2024-12-07 09:45:43,130.104.228.159,10.50.3.9,3,191.112.0.1,33435,2,3,192.168.1.27,2,2,4.385,95
62062,5,1,44,11,0,233,0,1,N/A,140994,33445,0,253,udp-dport,1733575558,2024-12-07 09:45:43,130.104.228.159,10.50.3.9,3,191.112.0.1,33435,2,3,192.168.1.27,2,2,4.107,95
62062,5,1,44,11,0,797,0,1,N/A,391527,33435,0,253,udp-dport,1733575558,2024-12-07 09:45:43,130.104.228.159,10.50.3.9,3,191.112.0.1,33435,2,3,192.168.1.27,2,2,3.747,95
62062,5,1,44,11,0,851,0,1,N/A,641634,33435,0,253,udp-dport,1733575558,2024-12-07 09:45:43,130.104.228.159,10.50.3.9,3,191.112.0.1,33435,2,3,192.168.1.27,2,2,3.158,95
62062,5,1,44,11,0,896,0,1,N/A,892252,33435,0,253,udp-dport,1733575558,2024-12-07 09:45:43,130.104.228.159,10.50.3.9,3,191.112.0.1,33435,2,3,192.168.1.27,2,2,3.703,95
62062,5,1,44,11,0,948,0,1,N/A,142324,33435,0,253,udp-dport,1733575559,2024-12-07 09:45:43,130.104.228.159,10.50.3.9,3,191.112.0.1,33435,2,3,192.168.1.27,2,2,3.43,95
62062,5,1,44,11,0,251,0,1,N/A,880156,33436,1,253,udp-dport,1733575550,2024-12-07 09:45:43,130.104.228.159,10.50.3.21,3,191.112.0.1,33435,2,3,192.168.1.27,2,2,17.103,95
62062,5,1,44,11,0,782,0,1,N/A,130693,33437,0,253,udp-dport,1733575551,2024-12-07 09:45:43,130.104.228.159,10.50.3.21,3,191.112.0.1,33435,2,3,192.168.1.27,2,2,4.515,95
62062,5,1,44,11,0,923,0,1,N/A,636405,33439,1,253,udp-dport,1733575556,2024-12-07 09:45:43,130.104.228.159,10.50.3.21,3,191.112.0.1,33435,2,3,192.168.1.27,2,2,4.447,95
62062,5,1,44,11,0,112,0,1,N/A,887290,33440,0,253,udp-dport,1733575556,2024-12-07 09:45:43,130.104.228.159,10.50.3.21,3,191.112.0.1,33435,2,3,192.168.1.27,2,2,3.412,95
62062,5,1,44,11,0,8,0,1,N/A,138137,33441,0,253,udp-dport,1733575557,2024-12-07 09:45:43,130.104.228.159,10.50.3.21,3,191.112.0.1,33435,2,3,192.168.1.27,2,2,3.614,95
62062,5,1,44,11,0,1001,0,1,N/A,393240,33435,0,253,udp-dport,1733575559,2024-12-07 09:45:43,130.104.228.159,10.50.3.21,3,191.112.0.1,33435,2,3,192.168.1.27,2,2,3.611,95
37788,5,1,44,11,0,147,0,1,N/A,637092,33435,0,254,udp-dport,1733576473,2024-12-07 10:01:13,5.161.76.19,191.112.0.1,2,192.168.1.1,33435,2,3,192.168.1.27,2,2,4.636,95
37788,5,1,44,11,0,156,0,1,N/A,887106,33436,0,254,udp-dport,1733576473,2024-12-07 10:01:13,5.161.76.19,191.112.0.1,2,192.168.1.1,33435,2,3,192.168.1.27,2,2,4.219,95
37788,5,1,44,11,0,159,0,1,N/A,137719,33437,0,254,udp-dport,1733576474,2024-12-07 10:01:13,5.161.76.19,191.112.0.1,2,192.168.1.1,33435,2,3,192.168.1.27,2,2,7.959,95
37788,5,1,44,11,0,161,0,1,N/A,388007,33438,0,254,udp-dport,1733576474,2024-12-07 10:01:13,5.161.76.19,191.112.0.1,2,192.168.1.1,33435,2,3,192.168.1.27,2,2,4.409,95
37788,5,1,44,11,0,163,0,1,N/A,638859,33439,0,254,udp-dport,1733576474,2024-12-07 10:01:13,5.161.76.19,191.112.0.1,2,192.168.1.1,33435,2,3,192.168.1.27,2,2,6.497,95
37788,5,1,44,11,0,166,0,1,N/A,889721,33440,0,254,udp-dport,1733576474,2024-12-07 10:01:13,5.161.76.19,191.112.0.1,2,192.168.1.1,33435,2,3,192.168.1.27,2,2,5.517,95
37788,5,1,44,11,0,182,0,1,N/A,140678,33435,0,253,udp-dport,1733576475,2024-12-07 10:01:13,5.161.76.19,10.50.3.9,3,191.112.0.1,33435,2,3,192.168.1.27,2,2,3.673,95
37788,5,1,44,11,0,157,0,1,N/A,390709,33436,0,253,udp-dport,1733576475,2024-12-07 10:01:13,5.161.76.19,10.50.3.9,3,191.112.0.1,33435,2,3,192.168.1.27,2,2,2.741,95
37788,5,1,44,11,0,328,0,1,N/A,162582,33441,0,253,udp-dport,1733576501,2024-12-07 10:01:13,5.161.76.19,10.50.3.9,3,191.112.0.1,33435,2,3,192.168.1.27,2,2,3.925,95
37788,5,1,44,11,0,432,0,1,N/A,662945,33443,0,253,udp-dport,1733576501,2024-12-07 10:01:13,5.161.76.19,10.50.3.9,3,191.112.0.1,33435,2,3,192.168.1.27,2,2,9.074,95
37788,5,1,44,11,0,471,0,1,N/A,913456,33444,0,253,udp-dport,1733576501,2024-12-07 10:01:13,5.161.76.19,10.50.3.9,3,191.112.0.1,33435,2,3,192.168.1.27,2,2,5.054,95
37788,5,1,44,11,0,126,0,1,N/A,414206,33446,0,253,udp-dport,1733576502,2024-12-07 10:01:13,5.161.76.19,10.50.3.9,3,191.112.0.1,33435,2,3,192.168.1.27,2,2,4.819,95
37788,5,1,44,11,0,434,0,1,N/A,664367,33447,0,253,udp-dport,1733576502,2024-12-07 10:01:13,5.161.76.19,10.50.3.9,3,191.112.0.1,33435,2,3,192.168.1.27,2,2,4.599,95
37788,5,1,44,11,0,632,0,1,N/A,644886,33437,1,253,udp-dport,1733576480,2024-12-07 10:01:13,5.161.76.19,10.50.3.21,3,191.112.0.1,33435,2,3,192.168.1.27,2,2,3.976,95
37788,5,1,44,11,0,946,0,1,N/A,903380,33439,0,253,udp-dport,1733576490,2024-12-07 10:01:13,5.161.76.19,10.50.3.21,3,191.112.0.1,33435,2,3,192.168.1.27,2,2,7.589,95
37788,5,1,44,11,0,377,0,1,N/A,412874,33442,0,253,udp-dport,1733576501,2024-12-07 10:01:13,5.161.76.19,10.50.3.21,3,191.112.0.1,33435,2,3,192.168.1.27,2,2,19.658,95
37788,5,1,44,11,0,528,0,1,N/A,163943,33445,0,253,udp-dport,1733576502,2024-12-07 10:01:13,5.161.76.19,10.50.3.21,3,191.112.0.1,33435,2,3,192.168.1.27,2,2,4.886,95
N/A,5,1,44,11,0,942,0,1,N/A,276882,1,0,254,icmp-echo,1733575623,2024-12-07 09:47:03,130.104.228.159,191.112.0.1,2,192.168.1.1,N/A,2,3,192.168.1.27,2,2,5.744,95
N/A,5,1,44,11,0,946,0,1,N/A,527025,2,0,254,icmp-echo,1733575623,2024-12-07 09:47:03,130.104.228.159,191.112.0.1,2,192.168.1.1,N/A,2,3,192.168.1.27,2,2,4.391,95
N/A,5,1,44,11,0,947,0,1,N/A,777826,3,0,254,icmp-echo,1733575623,2024-12-07 09:47:03,130.104.228.159,191.112.0.1,2,192.168.1.1,N/A,2,3,192.168.1.27,2,2,4.684,95
N/A,5,1,44,11,0,954,0,1,N/A,27865,4,0,254,icmp-echo,1733575624,2024-12-07 09:47:03,130.104.228.159,191.112.0.1,2,192.168.1.1,N/A,2,3,192.168.1.27,2,2,4.853,95
N/A,5,1,44,11,0,959,0,1,N/A,278073,5,0,254,icmp-echo,1733575624,2024-12-07 09:47:03,130.104.228.159,191.112.0.1,2,192.168.1.1,N/A,2,3,192.168.1.27,2,2,3.852,95
N/A,5,1,44,11,0,967,0,1,N/A,528280,6,0,254,icmp-echo,1733575624,2024-12-07 09:47:03,130.104.228.159,191.112.0.1,2,192.168.1.1,N/A,2,3,192.168.1.27,2,2,4.476,95
N/A,5,1,44,11,0,658,0,1,N/A,779148,1,0,253,icmp-echo,1733575624,2024-12-07 09:47:03,130.104.228.159,10.50.3.9,3,191.112.0.1,N/A,2,3,192.168.1.27,2,2,3.196,95
N/A,5,1,44,11,0,724,0,1,N/A,29716,2,0,253,icmp-echo,1733575625,2024-12-07 09:47:03,130.104.228.159,10.50.3.9,3,191.112.0.1,N/A,2,3,192.168.1.27,2,2,12.818,95
N/A,5,1,44,11,0,862,0,1,N/A,530757,4,0,253,icmp-echo,1733575625,2024-12-07 09:47:03,130.104.228.159,10.50.3.9,3,191.112.0.1,N/A,2,3,192.168.1.27,2,2,4.207,95
N/A,5,1,44,11,0,929,0,1,N/A,781319,5,0,253,icmp-echo,1733575625,2024-12-07 09:47:03,130.104.228.159,10.50.3.9,3,191.112.0.1,N/A,2,3,192.168.1.27,2,2,4.513,95
N/A,5,1,44,11,0,1002,0,1,N/A,32189,6,0,253,icmp-echo,1733575626,2024-12-07 09:47:03,130.104.228.159,10.50.3.9,3,191.112.0.1,N/A,2,3,192.168.1.27,2,2,3.742,95
N/A,5,1,44,11,0,41,0,1,N/A,283121,7,0,253,icmp-echo,1733575626,2024-12-07 09:47:03,130.104.228.159,10.50.3.9,3,191.112.0.1,N/A,2,3,192.168.1.27,2,2,4.388,95
N/A,5,1,44,11,0,173,0,1,N/A,784579,9,0,253,icmp-echo,1733575626,2024-12-07 09:47:03,130.104.228.159,10.50.3.9,3,191.112.0.1,N/A,2,3,192.168.1.27,2,2,3.742,95
N/A,5,1,44,11,0,290,0,1,N/A,285298,11,0,253,icmp-echo,1733575627,2024-12-07 09:47:03,130.104.228.159,10.50.3.9,3,191.112.0.1,N/A,2,3,192.168.1.27,2,2,3.991,95
N/A,5,1,44,11,0,791,0,1,N/A,279815,3,0,253,icmp-echo,1733575625,2024-12-07 09:47:03,130.104.228.159,10.50.3.21,3,191.112.0.1,N/A,2,3,192.168.1.27,2,2,3.584,95
N/A,5,1,44,11,0,104,0,1,N/A,533877,8,0,253,icmp-echo,1733575626,2024-12-07 09:47:03,130.104.228.159,10.50.3.21,3,191.112.0.1,N/A,2,3,192.168.1.27,2,2,12.35,95
N/A,5,1,44,11,0,235,0,1,N/A,34616,10,0,253,icmp-echo,1733575627,2024-12-07 09:47:03,130.104.228.159,10.50.3.21,3,191.112.0.1,N/A,2,3,192.168.1.27,2,2,3.337,95
N/A,5,1,44,11,0,376,0,1,N/A,535634,1,0,253,icmp-echo,1733575627,2024-12-07 09:47:03,130.104.228.159,10.50.3.21,3,191.112.0.1,N/A,2,3,192.168.1.27,2,2,4.315,95
N/A,5,1,44,11,0,71,0,1,N/A,786306,1,0,252,icmp-echo,1733575627,2024-12-07 09:47:03,130.104.228.159,10.50.3.10,4,191.112.0.1,N/A,2,3,192.168.1.27,2,2,3.956,95
N/A,5,1,44,11,0,160,0,1,N/A,36555,2,0,252,icmp-echo,1733575628,2024-12-07 09:47:03,130.104.228.159,10.50.3.10,4,191.112.0.1,N/A,2,3,192.168.1.27,2,2,3.173,95
N/A,5,1,44,11,0,24,0,1,N/A,299216,4,1,252,icmp-echo,1733575643,2024-12-07 09:47:03,130.104.228.159,10.50.3.10,4,191.112.0.1,N/A,2,3,192.168.1.27,2,2,4.239,95
N/A,5,1,44,11,0,88,0,1,N/A,549805,5,0,252,icmp-echo,1733575643,2024-12-07 09:47:03,130.104.228.159,10.50.3.10,4,191.112.0.1,N/A,2,3,192.168.1.27,2,2,4.024,95
N/A,5,1,44,11,0,164,0,1,N/A,800169,6,0,252,icmp-echo,1733575643,2024-12-07 09:47:03,130.104.228.159,10.50.3.10,4,191.112.0.1,N/A,2,3,192.168.1.27,2,2,4.23,95
N/A,5,1,44,11,0,265,0,1,N/A,50744,7,0,252,icmp-echo,1733575644,2024-12-07 09:47:03,130.104.228.159,10.50.3.10,4,191.112.0.1,N/A,2,3,192.168.1.27,2,2,4.093,95
46370,5,1,44,11,0,903,0,1,N/A,481172,33435,0,254,udp-dport,1733577167,2024-12-07 10:12:47,80.77.4.60,191.112.0.1,2,192.168.1.1,33435,2,3,192.168.1.27,2,2,5.01,95
46370,5,1,44,11,0,910,0,1,N/A,731574,33436,0,254,udp-dport,1733577167,2024-12-07 10:12:47,80.77.4.60,191.112.0.1,2,192.168.1.1,33435,2,3,192.168.1.27,2,2,4.748,95
46370,5,1,44,11,0,921,0,1,N/A,981630,33437,0,254,udp-dport,1733577167,2024-12-07 10:12:47,80.77.4.60,191.112.0.1,2,192.168.1.1,33435,2,3,192.168.1.27,2,2,11.326,95
46370,5,1,44,11,0,932,0,1,N/A,232131,33438,0,254,udp-dport,1733577168,2024-12-07 10:12:47,80.77.4.60,191.112.0.1,2,192.168.1.1,33435,2,3,192.168.1.27,2,2,3.836,95
46370,5,1,44,11,0,946,0,1,N/A,482333,33439,0,254,udp-dport,1733577168,2024-12-07 10:12:47,80.77.4.60,191.112.0.1,2,192.168.1.1,33435,2,3,192.168.1.27,2,2,4.247,95
46370,5,1,44,11,0,954,0,1,N/A,733025,33440,0,254,udp-dport,1733577168,2024-12-07 10:12:47,80.77.4.60,191.112.0.1,2,192.168.1.1,33435,2,3,192.168.1.27,2,2,4.174,95
46370,5,1,44,11,0,84,0,1,N/A,491743,33438,0,253,udp-dport,1733577179,2024-12-07 10:12:47,80.77.4.60,10.50.3.9,3,191.112.0.1,33435,2,3,192.168.1.27,2,2,24.988,95
46370,5,1,44,11,0,561,0,1,N/A,742147,33439,0,253,udp-dport,1733577179,2024-12-07 10:12:47,80.77.4.60,10.50.3.9,3,191.112.0.1,33435,2,3,192.168.1.27,2,2,3.956,95
46370,5,1,44,11,0,614,0,1,N/A,243031,33441,0,253,udp-dport,1733577180,2024-12-07 10:12:47,80.77.4.60,10.50.3.9,3,191.112.0.1,33435,2,3,192.168.1.27,2,2,3.601,95
46370,5,1,44,11,0,619,0,1,N/A,3289,33445,0,253,udp-dport,1733577191,2024-12-07 10:12:47,80.77.4.60,10.50.3.9,3,191.112.0.1,33435,2,3,192.168.1.27,2,2,4.285,95
46370,5,1,44,11,0,614,0,1,N/A,983625,33435,0,253,udp-dport,1733577168,2024-12-07 10:12:47,80.77.4.60,10.50.3.21,3,191.112.0.1,33435,2,3,192.168.1.27,2,2,4.966,95
46370,5,1,44,11,0,28,0,1,N/A,240834,33437,0,253,udp-dport,1733577179,2024-12-07 10:12:47,80.77.4.60,10.50.3.21,3,191.112.0.1,33435,2,3,192.168.1.27,2,2,4.541,95
46370,5,1,44,11,0,212,0,1,N/A,992497,33440,0,253,udp-dport,1733577179,2024-12-07 10:12:47,80.77.4.60,10.50.3.21,3,191.112.0.1,33435,2,3,192.168.1.27,2,2,3.16,95
46370,5,1,44,11,0,41,0,1,N/A,502141,33443,0,253,udp-dport,1733577190,2024-12-07 10:12:47,80.77.4.60,10.50.3.21,3,191.112.0.1,33435,2,3,192.168.1.27,2,2,3.204,95
46370,5,1,44,11,0,88,0,1,N/A,752761,33444,0,253,udp-dport,1733577190,2024-12-07 10:12:47,80.77.4.60,10.50.3.21,3,191.112.0.1,33435,2,3,192.168.1.27,2,2,4.142,95
46370,5,1,44,11,0,48,0,1,N/A,254019,33446,0,253,udp-dport,1733577191,2024-12-07 10:12:47,80.77.4.60,10.50.3.21,3,191.112.0.1,33435,2,3,192.168.1.27,2,2,13.572,95
37654,5,1,40,11,0,916,0,1,N/A,17261,37654,0,254,tcp-ack-sport,1733576461,2024-12-07 10:01:00,185.131.204.20,191.112.0.1,2,192.168.1.1,33435,5,3,192.168.1.27,6,2,4.381,95
37654,5,1,40,11,0,923,0,1,N/A,268036,37655,0,254,tcp-ack-sport,1733576461,2024-12-07 10:01:00,185.131.204.20,191.112.0.1,2,192.168.1.1,33435,5,3,192.168.1.27,6,2,4.672,95
37654,5,1,40,11,0,931,0,1,N/A,518430,37656,0,254,tcp-ack-sport,1733576461,2024-12-07 10:01:00,185.131.204.20,191.112.0.1,2,192.168.1.1,33435,5,3,192.168.1.27,6,2,4.399,95
37654,5,1,40,11,0,938,0,1,N/A,769150,37657,0,254,tcp-ack-sport,1733576461,2024-12-07 10:01:00,185.131.204.20,191.112.0.1,2,192.168.1.1,33435,5,3,192.168.1.27,6,2,4.603,95
37654,5,1,40,11,0,948,0,1,N/A,19921,37658,0,254,tcp-ack-sport,1733576462,2024-12-07 10:01:00,185.131.204.20,191.112.0.1,2,192.168.1.1,33435,5,3,192.168.1.27,6,2,4.887,95
37654,5,1,40,11,0,953,0,1,N/A,270093,37659,0,254,tcp-ack-sport,1733576462,2024-12-07 10:01:00,185.131.204.20,191.112.0.1,2,192.168.1.1,33435,5,3,192.168.1.27,6,2,4.216,95
37654,5,1,40,11,0,244,0,2,N/A,771376,37655,0,253,tcp-ack-sport,1733576462,2024-12-07 10:01:00,185.131.204.20,10.50.3.9,3,191.112.0.1,33435,5,3,192.168.1.27,6,2,3.388,95
37654,5,1,40,11,0,315,0,2,N/A,21473,37656,0,253,tcp-ack-sport,1733576463,2024-12-07 10:01:00,185.131.204.20,10.50.3.9,3,191.112.0.1,33435,5,3,192.168.1.27,6,2,3.834,95
37654,5,1,40,11,0,370,0,2,N/A,271663,37657,0,253,tcp-ack-sport,1733576463,2024-12-07 10:01:00,185.131.204.20,10.50.3.9,3,191.112.0.1,33435,5,3,192.168.1.27,6,2,4.182,95
37654,5,1,40,11,0,415,0,2,N/A,522679,37658,0,253,tcp-ack-sport,1733576463,2024-12-07 10:01:00,185.131.204.20,10.50.3.9,3,191.112.0.1,33435,5,3,192.168.1.27,6,2,4.267,95
37654,5,1,40,11,0,468,0,2,N/A,773399,37659,0,253,tcp-ack-sport,1733576463,2024-12-07 10:01:00,185.131.204.20,10.50.3.9,3,191.112.0.1,33435,5,3,192.168.1.27,6,2,3.507,95
37654,5,1,40,11,0,856,0,2,N/A,525496,37662,0,253,tcp-ack-sport,1733576464,2024-12-07 10:01:00,185.131.204.20,10.50.3.9,3,191.112.0.1,33435,5,3,192.168.1.27,6,2,3.81,95
37654,5,1,40,11,0,805,0,2,N/A,276687,37655,0,253,tcp-ack-sport,1733576465,2024-12-07 10:01:00,185.131.204.20,10.50.3.9,3,191.112.0.1,33435,5,3,192.168.1.27,6,2,4.29,95
37654,5,1,40,11,0,871,0,2,N/A,527661,37655,0,253,tcp-ack-sport,1733576465,2024-12-07 10:01:00,185.131.204.20,10.50.3.9,3,191.112.0.1,33435,5,3,192.168.1.27,6,2,4.22,95
37654,5,1,40,11,0,941,0,2,N/A,778271,37655,0,253,tcp-ack-sport,1733576465,2024-12-07 10:01:00,185.131.204.20,10.50.3.9,3,191.112.0.1,33435,5,3,192.168.1.27,6,2,4.164,95
37654,5,1,40,11,0,997,0,2,N/A,29320,37655,0,253,tcp-ack-sport,1733576466,2024-12-07 10:01:00,185.131.204.20,10.50.3.9,3,191.112.0.1,33435,5,3,192.168.1.27,6,2,4.833,95
37654,5,1,40,11,0,28,0,2,N/A,279519,37655,0,253,tcp-ack-sport,1733576466,2024-12-07 10:01:00,185.131.204.20,10.50.3.9,3,191.112.0.1,33435,5,3,192.168.1.27,6,2,4.475,95
37654,5,1,40,11,0,89,0,2,N/A,530546,37655,0,253,tcp-ack-sport,1733576466,2024-12-07 10:01:00,185.131.204.20,10.50.3.9,3,191.112.0.1,33435,5,3,192.168.1.27,6,2,4.684,95
37654,5,1,40,11,0,173,0,2,N/A,520822,37654,0,253,tcp-ack-sport,1733576462,2024-12-07 10:01:00,185.131.204.20,10.50.3.21,3,191.112.0.1,33435,5,3,192.168.1.27,6,2,4.12,95
37654,5,1,40,11,0,878,0,2,N/A,24091,37660,0,253,tcp-ack-sport,1733576464,2024-12-07 10:01:00,185.131.204.20,10.50.3.21,3,191.112.0.1,33435,5,3,192.168.1.27,6,2,4.344,95
37654,5,1,40,11,0,964,0,2,N/A,274458,37661,0,253,tcp-ack-sport,1733576464,2024-12-07 10:01:00,185.131.204.20,10.50.3.21,3,191.112.0.1,33435,5,3,192.168.1.27,6,2,4.871,95
37654,5,1,40,11,0,898,0,2,N/A,775664,37663,0,253,tcp-ack-sport,1733576464,2024-12-07 10:01:00,185.131.204.20,10.50.3.21,3,191.112.0.1,33435,5,3,192.168.1.27,6,2,4.861,95
37654,5,1,40,11,0,746,0,2,N/A,26627,37664,0,253,tcp-ack-sport,1733576465,2024-12-07 10:01:00,185.131.204.20,10.50.3.21,3,191.112.0.1,33435,5,3,192.168.1.27,6,2,4.683,95
37654,5,1,40,11,0,656,0,2,N/A,32494,37660,0,252,tcp-ack-sport,1733576467,2024-12-07 10:01:00,185.131.204.20,10.50.3.10,4,10.50.3.21,33435,5,3,192.168.1.27,6,2,3.73,95
37654,5,1,40,11,0,695,0,2,N/A,282534,37661,0,252,tcp-ack-sport,1733576467,2024-12-07 10:01:00,185.131.204.20,10.50.3.10,4,10.50.3.21,33435,5,3,192.168.1.27,6,2,4.588,95
37654,5,1,40,11,0,737,0,2,N/A,532753,37663,0,252,tcp-ack-sport,1733576467,2024-12-07 10:01:00,185.131.204.20,10.50.3.10,4,10.50.3.21,33435,5,3,192.168.1.27,6,2,4.426,95
37654,5,1,40,11,0,32,0,2,N/A,783542,37664,0,252,tcp-ack-sport,1733576467,2024-12-07 10:01:00,185.131.204.20,10.50.3.10,4,10.50.3.21,33435,5,3,192.168.1.27,6,2,4.248,95
37654,5,1,40,11,0,195,0,2,N/A,286374,37668,0,252,tcp-ack-sport,1733576469,2024-12-07 10:01:00,185.131.204.20,10.50.3.10,4,10.50.3.21,33435,5,3,192.168.1.27,6,2,4.336,95
37654,5,1,40,11,0,316,0,2,N/A,787550,37669,0,252,tcp-ack-sport,1733576469,2024-12-07 10:01:00,185.131.204.20,10.50.3.10,4,10.50.3.21,33435,5,3,192.168.1.27,6,2,4.211,95
37654,5,1,40,11,0,690,0,2,N/A,288277,37670,0,252,tcp-ack-sport,1733576470,2024-12-07 10:01:00,185.131.204.20,10.50.3.10,4,10.50.3.21,33435,5,3,192.168.1.27,6,2,4.591,95
37654,5,1,40,11,0,595,0,2,N/A,789064,37671,0,252,tcp-ack-sport,1733576470,2024-12-07 10:01:00,185.131.204.20,10.50.3.10,4,10.50.3.21,33435,5,3,192.168.1.27,6,2,4.645,95
37654,5,1,40,11,0,724,0,2,N/A,290066,37672,0,252,tcp-ack-sport,1733576471,2024-12-07 10:01:00,185.131.204.20,10.50.3.10,4,10.50.3.21,33435,5,3,192.168.1.27,6,2,4.83,95
37654,5,1,40,11,0,778,0,2,N/A,541073,37660,0,252,tcp-ack-sport,1733576471,2024-12-07 10:01:00,185.131.204.20,10.50.3.10,4,10.50.3.21,33435,5,3,192.168.1.27,6,2,2.145,95
37654,5,1,40,11,0,857,0,2,N/A,791134,37660,0,252,tcp-ack-sport,1733576471,2024-12-07 10:01:00,185.131.204.20,10.50.3.10,4,10.50.3.21,33435,5,3,192.168.1.27,6,2,4.653,95
37654,5,1,40,11,0,933,0,2,N/A,41235,37660,0,252,tcp-ack-sport,1733576472,2024-12-07 10:01:00,185.131.204.20,10.50.3.10,4,10.50.3.21,33435,5,3,192.168.1.27,6,2,4.454,95
37654,5,1,40,11,0,988,0,2,N/A,292231,37660,0,252,tcp-ack-sport,1733576472,2024-12-07 10:01:00,185.131.204.20,10.50.3.10,4,10.50.3.21,33435,5,3,192.168.1.27,6,2,4.553,95
37654,5,1,40,11,0,32,0,2,N/A,542421,37660,0,252,tcp-ack-sport,1733576472,2024-12-07 10:01:00,185.131.204.20,10.50.3.10,4,10.50.3.21,33435,5,3,192.168.1.27,6,2,4.258,95
37654,5,1,40,11,0,106,0,2,N/A,793045,37660,0,252,tcp-ack-sport,1733576472,2024-12-07 10:01:00,185.131.204.20,10.50.3.10,4,10.50.3.21,33435,5,3,192.168.1.27,6,2,4.56,95
37654,5,1,40,11,0,0,0,2,N/A,781611,37654,0,252,tcp-ack-sport,1733576466,2024-12-07 10:01:00,185.131.204.20,10.50.3.22,4,10.50.3.21,33435,5,3,192.168.1.27,6,2,5.05,95
37654,5,1,40,11,0,0,0,2,N/A,785428,37667,0,252,tcp-ack-sport,1733576468,2024-12-07 10:01:00,185.131.204.20,10.50.3.22,4,10.50.3.21,33435,5,3,192.168.1.27,6,2,4.572,95
N/A,5,1,44,11,0,114,0,1,N/A,642365,1,0,254,icmp-echo,1733577265,2024-12-07 10:14:25,80.77.4.60,191.112.0.1,2,192.168.1.1,N/A,3,3,192.168.1.27,3,2,5.776,95
N/A,5,1,44,11,0,115,0,1,N/A,892439,2,0,254,icmp-echo,1733577265,2024-12-07 10:14:25,80.77.4.60,191.112.0.1,2,192.168.1.1,N/A,3,3,192.168.1.27,3,2,4.12,95
N/A,5,1,44,11,0,126,0,1,N/A,142915,3,0,254,icmp-echo,1733577266,2024-12-07 10:14:25,80.77.4.60,191.112.0.1,2,192.168.1.1,N/A,3,3,192.168.1.27,3,2,7.86,95
N/A,5,1,44,11,0,130,0,1,N/A,393098,4,0,254,icmp-echo,1733577266,2024-12-07 10:14:25,80.77.4.60,191.112.0.1,2,192.168.1.1,N/A,3,3,192.168.1.27,3,2,4.718,95
N/A,5,1,44,11,0,134,0,1,N/A,644129,5,0,254,icmp-echo,1733577266,2024-12-07 10:14:25,80.77.4.60,191.112.0.1,2,192.168.1.1,N/A,3,3,192.168.1.27,3,2,4.443,95
N/A,5,1,44,11,0,137,0,1,N/A,894946,6,0,254,icmp-echo,1733577266,2024-12-07 10:14:25,80.77.4.60,191.112.0.1,2,192.168.1.1,N/A,3,3,192.168.1.27,3,2,4.09,95
N/A,5,1,44,11,0,124,0,1,N/A,647402,3,0,253,icmp-echo,1733577267,2024-12-07 10:14:25,80.77.4.60,10.50.3.9,3,191.112.0.1,N/A,3,3,192.168.1.27,3,2,3.113,95
N/A,5,1,44,11,0,165,0,1,N/A,897884,4,0,253,icmp-echo,1733577267,2024-12-07 10:14:25,80.77.4.60,10.50.3.9,3,191.112.0.1,N/A,3,3,192.168.1.27,3,2,2.347,95
N/A,5,1,44,11,0,421,0,1,N/A,900474,8,0,253,icmp-echo,1733577268,2024-12-07 10:14:25,80.77.4.60,10.50.3.9,3,191.112.0.1,N/A,3,3,192.168.1.27,3,2,29.783,95
N/A,5,1,44,11,0,514,0,1,N/A,400942,10,0,253,icmp-echo,1733577269,2024-12-07 10:14:25,80.77.4.60,10.50.3.9,3,191.112.0.1,N/A,3,3,192.168.1.27,3,2,2.637,95
N/A,5,1,44,11,0,24,0,1,N/A,145416,1,0,253,icmp-echo,1733577267,2024-12-07 10:14:25,80.77.4.60,10.50.3.21,3,191.112.0.1,N/A,3,3,192.168.1.27,3,2,4.673,95
N/A,5,1,44,11,0,73,0,1,N/A,396472,2,0,253,icmp-echo,1733577267,2024-12-07 10:14:25,80.77.4.60,10.50.3.21,3,191.112.0.1,N/A,3,3,192.168.1.27,3,2,4.56,95
N/A,5,1,44,11,0,215,0,1,N/A,148610,5,0,253,icmp-echo,1733577268,2024-12-07 10:14:25,80.77.4.60,10.50.3.21,3,191.112.0.1,N/A,3,3,192.168.1.27,3,2,5.429,95
N/A,5,1,44,11,0,298,0,1,N/A,399413,6,0,253,icmp-echo,1733577268,2024-12-07 10:14:25,80.77.4.60,10.50.3.21,3,191.112.0.1,N/A,3,3,192.168.1.27,3,2,8.015,95
N/A,5,1,44,11,0,362,0,1,N/A,649801,7,0,253,icmp-echo,1733577268,2024-12-07 10:14:25,80.77.4.60,10.50.3.21,3,191.112.0.1,N/A,3,3,192.168.1.27,3,2,5.285,95
N/A,5,1,44,11,0,468,0,1,N/A,150552,9,0,253,icmp-echo,1733577269,2024-12-07 10:14:25,80.77.4.60,10.50.3.21,3,191.112.0.1,N/A,3,3,192.168.1.27,3,2,3.014,95
N/A,5,1,44,11,0,577,0,1,N/A,651961,11,0,253,icmp-echo,1733577269,2024-12-07 10:14:25,80.77.4.60,10.50.3.21,3,191.112.0.1,N/A,3,3,192.168.1.27,3,2,5.151,95
N/A,5,1,44,11,0,640,0,1,N/A,902492,3,0,253,icmp-echo,1733577269,2024-12-07 10:14:25,80.77.4.60,10.50.3.21,3,191.112.0.1,N/A,3,3,192.168.1.27,3,2,4.081,95
N/A,5,1,44,N/A,N/A,N/A,0,1,N/A,152949,1,0,N/A,icmp-echo,1733577270,2024-12-07 10:14:25,80.77.4.60,10.50.3.10,4,191.112.0.1,N/A,3,3,192.168.1.27,3,2,N/A,95
N/A,5,1,44,11,0,441,0,1,N/A,156072,1,1,252,icmp-echo,1733577275,2024-12-07 10:14:25,80.77.4.60,10.50.3.10,4,191.112.0.1,N/A,3,3,192.168.1.27,3,2,4.13,95
N/A,5,1,44,11,0,469,0,1,N/A,406571,2,0,252,icmp-echo,1733577275,2024-12-07 10:14:25,80.77.4.60,10.50.3.10,4,191.112.0.1,N/A,3,3,192.168.1.27,3,2,4.358,95
N/A,5,1,44,11,0,552,0,1,N/A,657132,3,0,252,icmp-echo,1733577275,2024-12-07 10:14:25,80.77.4.60,10.50.3.10,4,191.112.0.1,N/A,3,3,192.168.1.27,3,2,5.084,95
N/A,5,1,44,11,0,640,0,1,N/A,907605,4,0,252,icmp-echo,1733577275,2024-12-07 10:14:25,80.77.4.60,10.50.3.10,4,191.112.0.1,N/A,3,3,192.168.1.27,3,2,3.786,95
N/A,5,1,44,11,0,718,0,1,N/A,157699,5,0,252,icmp-echo,1733577276,2024-12-07 10:14:25,80.77.4.60,10.50.3.10,4,191.112.0.1,N/A,3,3,192.168.1.27,3,2,4.073,95
N/A,5,1,44,11,0,738,0,1,N/A,408143,6,0,252,icmp-echo,1733577276,2024-12-07 10:14:25,80.77.4.60,10.50.3.10,4,191.112.0.1,N/A,3,3,192.168.1.27,3,2,4.576,95
N/A,5,1,44,11,0,0,0,1,N/A,675073,3,0,250,icmp-echo,1733577296,2024-12-07 10:14:25,80.77.4.60,213.140.39.160,5,10.50.3.10,N/A,3,3,192.168.1.27,3,2,5.01,95
33027,5,1,44,11,0,962,0,1,N/A,269374,33435,0,254,udp-dport,1733576030,2024-12-07 09:53:50,185.131.204.20,191.112.0.1,2,192.168.1.1,33435,2,3,192.168.1.27,2,2,4.999,95
33027,5,1,44,11,0,965,0,1,N/A,519816,33436,0,254,udp-dport,1733576030,2024-12-07 09:53:50,185.131.204.20,191.112.0.1,2,192.168.1.1,33435,2,3,192.168.1.27,2,2,5.068,95
33027,5,1,44,11,0,972,0,1,N/A,770327,33437,0,254,udp-dport,1733576030,2024-12-07 09:53:50,185.131.204.20,191.112.0.1,2,192.168.1.1,33435,2,3,192.168.1.27,2,2,6.201,95
33027,5,1,44,11,0,974,0,1,N/A,20962,33438,0,254,udp-dport,1733576031,2024-12-07 09:53:50,185.131.204.20,191.112.0.1,2,192.168.1.1,33435,2,3,192.168.1.27,2,2,4.593,95
33027,5,1,44,11,0,976,0,1,N/A,272000,33439,0,254,udp-dport,1733576031,2024-12-07 09:53:50,185.131.204.20,191.112.0.1,2,192.168.1.1,33435,2,3,192.168.1.27,2,2,4.523,95
33027,5,1,44,11,0,977,0,1,N/A,522968,33440,0,254,udp-dport,1733576031,2024-12-07 09:53:50,185.131.204.20,191.112.0.1,2,192.168.1.1,33435,2,3,192.168.1.27,2,2,4.734,95
33027,5,1,44,11,0,257,0,1,N/A,527089,33438,1,253,udp-dport,1733576037,2024-12-07 09:53:50,185.131.204.20,10.50.3.9,3,191.112.0.1,33435,2,3,192.168.1.27,2,2,4.238,95
33027,5,1,44,11,0,208,0,1,N/A,537828,33443,0,253,udp-dport,1733576048,2024-12-07 09:53:50,185.131.204.20,10.50.3.9,3,191.112.0.1,33435,2,3,192.168.1.27,2,2,4.776,95
33027,5,1,44,11,0,997,0,1,N/A,787916,33444,0,253,udp-dport,1733576048,2024-12-07 09:53:50,185.131.204.20,10.50.3.9,3,191.112.0.1,33435,2,3,192.168.1.27,2,2,4.053,95
33027,5,1,44,11,0,206,0,1,N/A,773073,33435,0,253,udp-dport,1733576031,2024-12-07 09:53:50,185.131.204.20,10.50.3.21,3,191.112.0.1,33435,2,3,192.168.1.27,2,2,4.995,95
33027,5,1,44,11,0,75,0,1,N/A,23506,33436,0,253,udp-dport,1733576032,2024-12-07 09:53:50,185.131.204.20,10.50.3.21,3,191.112.0.1,33435,2,3,192.168.1.27,2,2,3.767,95
33027,5,1,44,11,0,314,0,1,N/A,273605,33437,0,253,udp-dport,1733576032,2024-12-07 09:53:50,185.131.204.20,10.50.3.21,3,191.112.0.1,33435,2,3,192.168.1.27,2,2,1.542,95
33027,5,1,44,11,0,895,0,1,N/A,785904,33440,0,253,udp-dport,1733576047,2024-12-07 09:53:50,185.131.204.20,10.50.3.21,3,191.112.0.1,33435,2,3,192.168.1.27,2,2,5.096,95
33027,5,1,44,11,0,1023,0,1,N/A,36416,33441,0,253,udp-dport,1733576048,2024-12-07 09:53:50,185.131.204.20,10.50.3.21,3,191.112.0.1,33435,2,3,192.168.1.27,2,2,4.559,95
33027,5,1,44,11,0,387,0,1,N/A,287403,33442,0,253,udp-dport,1733576048,2024-12-07 09:53:50,185.131.204.20,10.50.3.21,3,191.112.0.1,33435,2,3,192.168.1.27,2,2,4.041,95
39293,5,1,44,11,0,180,0,1,N/A,781299,39293,0,254,udp-sport,1733576674,2024-12-07 10:04:34,5.161.76.19,191.112.0.1,2,192.168.1.1,33435,2,3,192.168.1.27,2,2,4.578,95
39293,5,1,44,11,0,184,0,1,N/A,32242,39294,0,254,udp-sport,1733576675,2024-12-07 10:04:34,5.161.76.19,191.112.0.1,2,192.168.1.1,33435,2,3,192.168.1.27,2,2,4.484,95
39293,5,1,44,11,0,188,0,1,N/A,283061,39295,0,254,udp-sport,1733576675,2024-12-07 10:04:34,5.161.76.19,191.112.0.1,2,192.168.1.1,33435,2,3,192.168.1.27,2,2,3.969,95
39293,5,1,44,11,0,192,0,1,N/A,533097,39296,0,254,udp-sport,1733576675,2024-12-07 10:04:34,5.161.76.19,191.112.0.1,2,192.168.1.1,33435,2,3,192.168.1.27,2,2,5.383,95
39293,5,1,44,11,0,193,0,1,N/A,783839,39297,0,254,udp-sport,1733576675,2024-12-07 10:04:34,5.161.76.19,191.112.0.1,2,192.168.1.1,33435,2,3,192.168.1.27,2,2,4.077,95
39293,5,1,44,11,0,196,0,1,N/A,34919,39298,0,254,udp-sport,1733576676,2024-12-07 10:04:34,5.161.76.19,191.112.0.1,2,192.168.1.1,33435,2,3,192.168.1.27,2,2,4.192,95
39293,5,1,44,11,0,738,0,1,N/A,285481,39293,0,253,udp-sport,1733576676,2024-12-07 10:04:34,5.161.76.19,10.50.3.9,3,191.112.0.1,33435,2,3,192.168.1.27,2,2,2.849,95
39293,5,1,44,11,0,798,0,1,N/A,535657,39294,0,253,udp-sport,1733576676,2024-12-07 10:04:34,5.161.76.19,10.50.3.9,3,191.112.0.1,33435,2,3,192.168.1.27,2,2,4.063,95
39293,5,1,44,11,0,552,0,1,N/A,36949,39296,0,253,udp-sport,1733576677,2024-12-07 10:04:34,5.161.76.19,10.50.3.9,3,191.112.0.1,33435,2,3,192.168.1.27,2,2,2.305,95
39293,5,1,44,11,0,89,0,1,N/A,539448,39299,0,253,udp-sport,1733576687,2024-12-07 10:04:34,5.161.76.19,10.50.3.9,3,191.112.0.1,33435,2,3,192.168.1.27,2,2,3.82,95
39293,5,1,44,11,0,165,0,1,N/A,789710,39300,0,253,udp-sport,1733576687,2024-12-07 10:04:34,5.161.76.19,10.50.3.9,3,191.112.0.1,33435,2,3,192.168.1.27,2,2,4.807,95
39293,5,1,44,11,0,309,0,1,N/A,290977,39302,0,253,udp-sport,1733576688,2024-12-07 10:04:34,5.161.76.19,10.50.3.9,3,191.112.0.1,33435,2,3,192.168.1.27,2,2,4.783,95
39293,5,1,44,11,0,374,0,1,N/A,541433,39303,0,253,udp-sport,1733576688,2024-12-07 10:04:34,5.161.76.19,10.50.3.9,3,191.112.0.1,33435,2,3,192.168.1.27,2,2,5.512,95
39293,5,1,44,11,0,511,0,1,N/A,786263,39295,0,253,udp-sport,1733576676,2024-12-07 10:04:34,5.161.76.19,10.50.3.21,3,191.112.0.1,33435,2,3,192.168.1.27,2,2,3.733,95
39293,5,1,44,11,0,371,0,1,N/A,289371,39298,0,253,udp-sport,1733576687,2024-12-07 10:04:34,5.161.76.19,10.50.3.21,3,191.112.0.1,33435,2,3,192.168.1.27,2,2,4.726,95
39293,5,1,44,11,0,796,0,1,N/A,40206,39301,0,253,udp-sport,1733576688,2024-12-07 10:04:34,5.161.76.19,10.50.3.21,3,191.112.0.1,33435,2,3,192.168.1.27,2,2,4.482,95
64620,5,1,40,11,0,464,0,1,N/A,100254,64620,0,254,tcp-ack-sport,1733575875,2024-12-07 09:51:14,130.104.228.159,191.112.0.1,2,192.168.1.1,33435,2,3,192.168.1.27,2,2,5.868,95
64620,5,1,40,11,0,465,0,1,N/A,350500,64621,0,254,tcp-ack-sport,1733575875,2024-12-07 09:51:14,130.104.228.159,191.112.0.1,2,192.168.1.1,33435,2,3,192.168.1.27,2,2,4.708,95
64620,5,1,40,11,0,473,0,1,N/A,600549,64622,0,254,tcp-ack-sport,1733575875,2024-12-07 09:51:14,130.104.228.159,191.112.0.1,2,192.168.1.1,33435,2,3,192.168.1.27,2,2,9.013,95
64620,5,1,40,11,0,479,0,1,N/A,850924,64623,0,254,tcp-ack-sport,1733575875,2024-12-07 09:51:14,130.104.228.159,191.112.0.1,2,192.168.1.1,33435,2,3,192.168.1.27,2,2,4.598,95
64620,5,1,40,11,0,486,0,1,N/A,101810,64624,0,254,tcp-ack-sport,1733575876,2024-12-07 09:51:14,130.104.228.159,191.112.0.1,2,192.168.1.1,33435,2,3,192.168.1.27,2,2,3.908,95
64620,5,1,40,11,0,490,0,1,N/A,352381,64625,0,254,tcp-ack-sport,1733575876,2024-12-07 09:51:14,130.104.228.159,191.112.0.1,2,192.168.1.1,33435,2,3,192.168.1.27,2,2,4.742,95
64620,5,1,40,11,0,694,0,1,N/A,602498,64620,0,253,tcp-ack-sport,1733575876,2024-12-07 09:51:14,130.104.228.159,10.50.3.9,3,191.112.0.1,33435,2,3,192.168.1.27,2,2,3.786,95
64620,5,1,40,11,0,245,0,1,N/A,854748,64625,0,253,tcp-ack-sport,1733575877,2024-12-07 09:51:14,130.104.228.159,10.50.3.9,3,191.112.0.1,33435,2,3,192.168.1.27,2,2,4.486,95
64620,5,1,40,11,0,252,0,1,N/A,356362,64627,0,253,tcp-ack-sport,1733575878,2024-12-07 09:51:14,130.104.228.159,10.50.3.9,3,191.112.0.1,33435,2,3,192.168.1.27,2,2,4.4,95
64620,5,1,40,11,0,317,0,1,N/A,107449,64630,0,253,tcp-ack-sport,1733575879,2024-12-07 09:51:14,130.104.228.159,10.50.3.9,3,191.112.0.1,33435,2,3,192.168.1.27,2,2,3.623,95
64620,5,1,40,11,0,731,0,1,N/A,852650,64621,0,253,tcp-ack-sport,1733575876,2024-12-07 09:51:14,130.104.228.159,10.50.3.21,3,191.112.0.1,33435,2,3,192.168.1.27,2,2,3.698,95
64620,5,1,40,11,0,61,0,1,N/A,102732,64622,0,253,tcp-ack-sport,1733575877,2024-12-07 09:51:14,130.104.228.159,10.50.3.21,3,191.112.0.1,33435,2,3,192.168.1.27,2,2,4.239,95
64620,5,1,40,11,0,122,0,1,N/A,353414,64623,0,253,tcp-ack-sport,1733575877,2024-12-07 09:51:14,130.104.228.159,10.50.3.21,3,191.112.0.1,33435,2,3,192.168.1.27,2,2,3.21,95
64620,5,1,40,11,0,968,0,1,N/A,604090,64624,0,253,tcp-ack-sport,1733575877,2024-12-07 09:51:14,130.104.228.159,10.50.3.21,3,191.112.0.1,33435,2,3,192.168.1.27,2,2,4.207,95
64620,5,1,40,11,0,306,0,1,N/A,105631,64626,0,253,tcp-ack-sport,1733575878,2024-12-07 09:51:14,130.104.228.159,10.50.3.21,3,191.112.0.1,33435,2,3,192.168.1.27,2,2,3.61,95
64620,5,1,40,11,0,438,0,1,N/A,607154,64628,0,253,tcp-ack-sport,1733575878,2024-12-07 09:51:14,130.104.228.159,10.50.3.21,3,191.112.0.1,33435,2,3,192.168.1.27,2,2,4.159,95
64620,5,1,40,11,0,118,0,1,N/A,857411,64629,0,253,tcp-ack-sport,1733575878,2024-12-07 09:51:14,130.104.228.159,10.50.3.21,3,191.112.0.1,33435,2,3,192.168.1.27,2,2,4.684,95
64620,5,1,40,11,0,62,0,1,N/A,358484,64620,0,253,tcp-ack-sport,1733575879,2024-12-07 09:51:14,130.104.228.159,10.50.3.21,3,191.112.0.1,33435,2,3,192.168.1.27,2,2,4.881,95
64620,5,1,40,11,0,348,0,1,N/A,109907,64622,0,252,tcp-ack-sport,1733575880,2024-12-07 09:51:14,130.104.228.159,10.50.3.10,4,191.112.0.1,33435,2,3,192.168.1.27,2,2,5.101,95
64620,5,1,40,11,0,604,0,1,N/A,360845,64623,1,252,tcp-ack-sport,1733575885,2024-12-07 09:51:14,130.104.228.159,10.50.3.10,4,191.112.0.1,33435,2,3,192.168.1.27,2,2,3.897,95
64620,5,1,40,11,0,717,0,1,N/A,611100,64624,0,252,tcp-ack-sport,1733575885,2024-12-07 09:51:14,130.104.228.159,10.50.3.10,4,191.112.0.1,33435,2,3,192.168.1.27,2,2,4.616,95
64620,5,1,40,11,0,733,0,1,N/A,862136,64625,0,252,tcp-ack-sport,1733575885,2024-12-07 09:51:14,130.104.228.159,10.50.3.10,4,191.112.0.1,33435,2,3,192.168.1.27,2,2,4.458,95
64620,5,1,40,11,0,911,0,1,N/A,363640,64627,0,252,tcp-ack-sport,1733575886,2024-12-07 09:51:14,130.104.228.159,10.50.3.10,4,191.112.0.1,33435,2,3,192.168.1.27,2,2,4.438,95
64620,5,1,40,11,0,89,0,1,N/A,115733,64630,0,252,tcp-ack-sport,1733575887,2024-12-07 09:51:14,130.104.228.159,10.50.3.10,4,191.112.0.1,33435,2,3,192.168.1.27,2,2,4.277,95
64620,5,1,40,11,0,0,0,1,N/A,608593,64620,0,252,tcp-ack-sport,1733575879,2024-12-07 09:51:14,130.104.228.159,10.50.3.22,4,191.112.0.1,33435,2,3,192.168.1.27,2,2,3.956,95
64620,5,1,40,11,0,0,0,1,N/A,859205,64621,0,252,tcp-ack-sport,1733575879,2024-12-07 09:51:14,130.104.228.159,10.50.3.22,4,191.112.0.1,33435,2,3,192.168.1.27,2,2,4.26,95
64620,5,1,40,11,0,0,0,1,N/A,113010,64626,0,252,tcp-ack-sport,1733575886,2024-12-07 09:51:14,130.104.228.159,10.50.3.22,4,191.112.0.1,33435,2,3,192.168.1.27,2,2,4.192,95
64620,5,1,40,11,0,0,0,1,N/A,614516,64628,0,252,tcp-ack-sport,1733575886,2024-12-07 09:51:14,130.104.228.159,10.50.3.22,4,191.112.0.1,33435,2,3,192.168.1.27,2,2,4.566,95
64620,5,1,40,11,0,0,0,1,N/A,865522,64629,0,252,tcp-ack-sport,1733575886,2024-12-07 09:51:14,130.104.228.159,10.50.3.22,4,191.112.0.1,33435,2,3,192.168.1.27,2,2,3.856,95
35405,5,1,44,11,0,489,0,1,N/A,917796,35405,0,254,udp-sport,1733576240,2024-12-07 09:57:20,185.131.204.20,191.112.0.1,2,192.168.1.1,33435,2,3,192.168.1.27,2,2,3.979,95
35405,5,1,44,11,0,490,0,1,N/A,168139,35406,0,254,udp-sport,1733576241,2024-12-07 09:57:20,185.131.204.20,191.112.0.1,2,192.168.1.1,33435,2,3,192.168.1.27,2,2,4.562,95
35405,5,1,44,11,0,493,0,1,N/A,418994,35407,0,254,udp-sport,1733576241,2024-12-07 09:57:20,185.131.204.20,191.112.0.1,2,192.168.1.1,33435,2,3,192.168.1.27,2,2,4.265,95
35405,5,1,44,11,0,495,0,1,N/A,669650,35408,0,254,udp-sport,1733576241,2024-12-07 09:57:20,185.131.204.20,191.112.0.1,2,192.168.1.1,33435,2,3,192.168.1.27,2,2,6.18,95
35405,5,1,44,11,0,499,0,1,N/A,920334,35409,0,254,udp-sport,1733576241,2024-12-07 09:57:20,185.131.204.20,191.112.0.1,2,192.168.1.1,33435,2,3,192.168.1.27,2,2,4.899,95
35405,5,1,44,11,0,500,0,1,N/A,170569,35410,0,254,udp-sport,1733576242,2024-12-07 09:57:20,185.131.204.20,191.112.0.1,2,192.168.1.1,33435,2,3,192.168.1.27,2,2,4.231,95
35405,5,1,44,11,0,715,0,1,N/A,422003,35405,1,253,udp-sport,1733576247,2024-12-07 09:57:20,185.131.204.20,10.50.3.9,3,191.112.0.1,33435,2,3,192.168.1.27,2,2,3.271,95
35405,5,1,44,11,0,400,0,1,N/A,673525,35407,0,253,udp-sport,1733576257,2024-12-07 09:57:20,185.131.204.20,10.50.3.9,3,191.112.0.1,33435,2,3,192.168.1.27,2,2,3.069,95
35405,5,1,44,11,0,1023,0,1,N/A,923911,35408,1,253,udp-sport,1733576262,2024-12-07 09:57:20,185.131.204.20,10.50.3.9,3,191.112.0.1,33435,2,3,192.168.1.27,2,2,3.676,95
35405,5,1,44,11,0,569,0,1,N/A,426466,35410,1,253,udp-sport,1733576268,2024-12-07 09:57:20,185.131.204.20,10.50.3.9,3,191.112.0.1,33435,2,3,192.168.1.27,2,2,3.676,95
35405,5,1,44,11,0,620,0,1,N/A,677500,35411,0,253,udp-sport,1733576268,2024-12-07 09:57:20,185.131.204.20,10.50.3.9,3,191.112.0.1,33435,2,3,192.168.1.27,2,2,4.107,95
35405,5,1,44,11,0,249,0,1,N/A,928446,35412,0,253,udp-sport,1733576268,2024-12-07 09:57:20,185.131.204.20,10.50.3.9,3,191.112.0.1,33435,2,3,192.168.1.27,2,2,4.323,95
35405,5,1,44,11,0,267,0,1,N/A,179009,35413,0,253,udp-sport,1733576269,2024-12-07 09:57:20,185.131.204.20,10.50.3.9,3,191.112.0.1,33435,2,3,192.168.1.27,2,2,3.895,95
35405,5,1,44,11,0,426,0,1,N/A,680284,35415,0,253,udp-sport,1733576274,2024-12-07 09:57:20,185.131.204.20,10.50.3.9,3,191.112.0.1,33435,2,3,192.168.1.27,2,2,4.423,95
35405,5,1,44,11,0,305,0,1,N/A,174873,35409,0,253,udp-sport,1733576263,2024-12-07 09:57:20,185.131.204.20,10.50.3.21,3,191.112.0.1,33435,2,3,192.168.1.27,2,2,5.143,95
35405,5,1,44,11,0,372,0,1,N/A,429479,35414,1,253,udp-sport,1733576274,2024-12-07 09:57:20,185.131.204.20,10.50.3.21,3,191.112.0.1,33435,2,3,192.168.1.27,2,2,4.43,95
35405,5,1,44,11,0,480,0,1,N/A,930503,35416,0,253,udp-sport,1733576274,2024-12-07 09:57:20,185.131.204.20,10.50.3.21,3,191.112.0.1,33435,2,3,192.168.1.27,2,2,4.294,95
35405,5,1,44,11,0,977,0,1,N/A,682542,35407,0,252,udp-sport,1733576275,2024-12-07 09:57:20,185.131.204.20,10.50.3.10,4,191.112.0.1,33435,2,3,192.168.1.27,2,2,4.463,95
35405,5,1,44,11,0,980,0,1,N/A,433846,35410,0,252,udp-sport,1733576276,2024-12-07 09:57:20,185.131.204.20,10.50.3.10,4,191.112.0.1,33435,2,3,192.168.1.27,2,2,4.721,95
35405,5,1,44,11,0,194,0,1,N/A,683865,35411,0,252,udp-sport,1733576276,2024-12-07 09:57:20,185.131.204.20,10.50.3.10,4,191.112.0.1,33435,2,3,192.168.1.27,2,2,3.091,95
35405,5,1,44,11,0,303,0,1,N/A,934703,35412,0,252,udp-sport,1733576276,2024-12-07 09:57:20,185.131.204.20,10.50.3.10,4,191.112.0.1,33435,2,3,192.168.1.27,2,2,3.849,95
35405,5,1,44,11,0,174,0,1,N/A,185735,35413,0,252,udp-sport,1733576277,2024-12-07 09:57:20,185.131.204.20,10.50.3.10,4,191.112.0.1,33435,2,3,192.168.1.27,2,2,4.327,95
35405,5,1,44,11,0,0,0,1,N/A,181151,35405,0,252,udp-sport,1733576275,2024-12-07 09:57:20,185.131.204.20,10.50.3.22,4,191.112.0.1,33435,2,3,192.168.1.27,2,2,12.142,95
35405,5,1,44,11,0,0,0,1,N/A,431654,35406,0,252,udp-sport,1733576275,2024-12-07 09:57:20,185.131.204.20,10.50.3.22,4,191.112.0.1,33435,2,3,192.168.1.27,2,2,2.387,95
35405,5,1,44,11,0,0,0,1,N/A,932952,35408,0,252,udp-sport,1733576275,2024-12-07 09:57:20,185.131.204.20,10.50.3.22,4,191.112.0.1,33435,2,3,192.168.1.27,2,2,4.017,95
35405,5,1,44,11,0,0,0,1,N/A,183028,35409,0,252,udp-sport,1733576276,2024-12-07 09:57:20,185.131.204.20,10.50.3.22,4,191.112.0.1,33435,2,3,192.168.1.27,2,2,13.444,95
35405,5,1,44,11,0,0,0,1,N/A,436416,35414,0,252,udp-sport,1733576277,2024-12-07 09:57:20,185.131.204.20,10.50.3.22,4,191.112.0.1,33435,2,3,192.168.1.27,2,2,4.294,95
35405,5,1,44,11,0,0,0,1,N/A,687061,35415,0,252,udp-sport,1733576277,2024-12-07 09:57:20,185.131.204.20,10.50.3.22,4,191.112.0.1,33435,2,3,192.168.1.27,2,2,4.025,95
63459,5,1,44,11,0,208,0,1,N/A,246183,63459,0,254,udp-sport,1733575726,2024-12-07 09:48:45,130.104.228.159,191.112.0.1,2,192.168.1.1,33435,2,3,192.168.1.27,2,2,4.795,95
63459,5,1,44,11,0,214,0,1,N/A,496335,63460,0,254,udp-sport,1733575726,2024-12-07 09:48:45,130.104.228.159,191.112.0.1,2,192.168.1.1,33435,2,3,192.168.1.27,2,2,4.123,95
63459,5,1,44,11,0,220,0,1,N/A,746897,63461,0,254,udp-sport,1733575726,2024-12-07 09:48:45,130.104.228.159,191.112.0.1,2,192.168.1.1,33435,2,3,192.168.1.27,2,2,5.09,95
63459,5,1,44,11,0,225,0,1,N/A,997417,63462,0,254,udp-sport,1733575726,2024-12-07 09:48:45,130.104.228.159,191.112.0.1,2,192.168.1.1,33435,2,3,192.168.1.27,2,2,3.996,95
63459,5,1,44,11,0,230,0,1,N/A,247863,63463,0,254,udp-sport,1733575727,2024-12-07 09:48:45,130.104.228.159,191.112.0.1,2,192.168.1.1,33435,2,3,192.168.1.27,2,2,4.787,95
63459,5,1,44,11,0,233,0,1,N/A,498012,63464,0,254,udp-sport,1733575727,2024-12-07 09:48:45,130.104.228.159,191.112.0.1,2,192.168.1.1,33435,2,3,192.168.1.27,2,2,4.393,95
63459,5,1,44,11,0,472,0,1,N/A,749106,63459,0,253,udp-sport,1733575727,2024-12-07 09:48:45,130.104.228.159,10.50.3.9,3,191.112.0.1,33435,2,3,192.168.1.27,2,2,4.361,95
63459,5,1,44,11,0,589,0,1,N/A,250779,63461,0,253,udp-sport,1733575728,2024-12-07 09:48:45,130.104.228.159,10.50.3.9,3,191.112.0.1,33435,2,3,192.168.1.27,2,2,3.825,95
63459,5,1,44,11,0,937,0,1,N/A,252998,63465,0,253,udp-sport,1733575734,2024-12-07 09:48:45,130.104.228.159,10.50.3.9,3,191.112.0.1,33435,2,3,192.168.1.27,2,2,4.534,95
63459,5,1,44,11,0,596,0,1,N/A,755182,63467,0,253,udp-sport,1733575739,2024-12-07 09:48:45,130.104.228.159,10.50.3.9,3,191.112.0.1,33435,2,3,192.168.1.27,2,2,4.606,95
63459,5,1,44,11,0,377,0,1,N/A,999999,63460,0,253,udp-sport,1733575727,2024-12-07 09:48:45,130.104.228.159,10.50.3.21,3,191.112.0.1,33435,2,3,192.168.1.27,2,2,3.339,95
63459,5,1,44,11,0,587,0,1,N/A,501178,63462,1,253,udp-sport,1733575733,2024-12-07 09:48:45,130.104.228.159,10.50.3.21,3,191.112.0.1,33435,2,3,192.168.1.27,2,2,4.408,95
63459,5,1,44,11,0,649,0,1,N/A,752021,63463,0,253,udp-sport,1733575733,2024-12-07 09:48:45,130.104.228.159,10.50.3.21,3,191.112.0.1,33435,2,3,192.168.1.27,2,2,3.081,95
63459,5,1,44,11,0,717,0,1,N/A,2410,63464,0,253,udp-sport,1733575734,2024-12-07 09:48:45,130.104.228.159,10.50.3.21,3,191.112.0.1,33435,2,3,192.168.1.27,2,2,4.157,95
63459,5,1,44,11,0,33,0,1,N/A,504274,63466,1,253,udp-sport,1733575739,2024-12-07 09:48:45,130.104.228.159,10.50.3.21,3,191.112.0.1,33435,2,3,192.168.1.27,2,2,4.489,95
63459,5,1,44,11,0,162,0,1,N/A,6226,63468,0,253,udp-sport,1733575740,2024-12-07 09:48:45,130.104.228.159,10.50.3.21,3,191.112.0.1,33435,2,3,192.168.1.27,2,2,4.292,95
63459,5,1,44,11,0,424,0,1,N/A,257769,63469,1,253,udp-sport,1733575745,2024-12-07 09:48:45,130.104.228.159,10.50.3.21,3,191.112.0.1,33435,2,3,192.168.1.27,2,2,3.489,95
63459,5,1,44,11,0,400,0,1,N/A,508632,63459,0,253,udp-sport,1733575745,2024-12-07 09:48:45,130.104.228.159,10.50.3.21,3,191.112.0.1,33435,2,3,192.168.1.27,2,2,6.471,95
