probe_size,start_time,src,node_ttl,tos,dst,reply_icmp_code,reply_ipid,link_count,probe_sent_sec,node_link_count,hop_addr,attempts,node_addr,reply_rtt,gaplimit,method,confidence,probe_attempt,probe_sent_usec,reply_icmp_type,probe_flowid,wait_timeout,reply_ttl,probe_ttl,node_count
40,2024-12-07 09:59:03,192.168.1.27,1,0,185.131.204.20,0,36,3,1733576343,1,191.112.0.1,2,192.168.1.1,4.693,3,tcp-sport,95,0,846061,11,36780,5,254,2,3
40,2024-12-07 09:59:03,192.168.1.27,1,0,185.131.204.20,0,48,3,1733576344,1,191.112.0.1,2,192.168.1.1,4.656,3,tcp-sport,95,0,96459,11,36781,5,254,2,3
40,2024-12-07 09:59:03,192.168.1.27,1,0,185.131.204.20,0,58,3,1733576344,1,191.112.0.1,2,192.168.1.1,7.856,3,tcp-sport,95,0,347068,11,36782,5,254,2,3
40,2024-12-07 09:59:03,192.168.1.27,1,0,185.131.204.20,0,67,3,1733576344,1,191.112.0.1,2,192.168.1.1,4.096,3,tcp-sport,95,0,597250,11,36783,5,254,2,3
40,2024-12-07 09:59:03,192.168.1.27,1,0,185.131.204.20,0,74,3,1733576344,1,191.112.0.1,2,192.168.1.1,4.705,3,tcp-sport,95,0,847342,11,36784,5,254,2,3
40,2024-12-07 09:59:03,192.168.1.27,1,0,185.131.204.20,0,82,3,1733576345,1,191.112.0.1,2,192.168.1.1,5.052,3,tcp-sport,95,0,97352,11,36785,5,254,2,3
40,2024-12-07 09:59:03,192.168.1.27,1,0,185.131.204.20,0,594,3,1733576345,1,10.50.3.9,2,191.112.0.1,3.71,3,tcp-sport,95,0,347948,11,36780,5,253,3,3
40,2024-12-07 09:59:03,192.168.1.27,1,0,185.131.204.20,0,391,3,1733576345,1,10.50.3.9,2,191.112.0.1,3.991,3,tcp-sport,95,0,598877,11,36781,5,253,3,3
40,2024-12-07 09:59:03,192.168.1.27,1,0,185.131.204.20,0,887,3,1733576346,1,10.50.3.9,2,191.112.0.1,7.482,3,tcp-sport,95,0,600872,11,36785,5,253,3,3
40,2024-12-07 09:59:03,192.168.1.27,1,0,185.131.204.20,0,933,3,1733576346,1,10.50.3.9,2,191.112.0.1,6.058,3,tcp-sport,95,0,851732,11,36786,5,253,3,3
40,2024-12-07 09:59:03,192.168.1.27,1,0,185.131.204.20,0,723,3,1733576347,1,10.50.3.9,2,191.112.0.1,3.641,3,tcp-sport,95,0,102175,11,36787,5,253,3,3
40,2024-12-07 09:59:03,192.168.1.27,1,0,185.131.204.20,0,774,3,1733576347,1,10.50.3.9,2,191.112.0.1,4.275,3,tcp-sport,95,0,352602,11,36788,5,253,3,3
40,2024-12-07 09:59:03,192.168.1.27,1,0,185.131.204.20,0,713,3,1733576345,1,10.50.3.21,2,191.112.0.1,5.767,3,tcp-sport,95,0,849253,11,36782,5,253,3,3
40,2024-12-07 09:59:03,192.168.1.27,1,0,185.131.204.20,0,248,3,1733576346,1,10.50.3.21,2,191.112.0.1,4.76,3,tcp-sport,95,0,99351,11,36783,5,253,3,3
40,2024-12-07 09:59:03,192.168.1.27,1,0,185.131.204.20,0,560,3,1733576346,1,10.50.3.21,2,191.112.0.1,4.103,3,tcp-sport,95,0,349866,11,36784,5,253,3,3
40,2024-12-07 09:59:03,192.168.1.27,1,0,185.131.204.20,0,48,3,1733576347,1,10.50.3.21,2,191.112.0.1,4.376,3,tcp-sport,95,0,602700,11,36789,5,253,3,3
40,2024-12-07 09:59:03,192.168.1.27,1,0,185.131.204.20,0,916,3,1733576347,1,10.50.3.21,2,191.112.0.1,4.475,3,tcp-sport,95,0,853517,11,36790,5,253,3,3
40,2024-12-07 09:59:03,192.168.1.27,1,0,185.131.204.20,0,215,3,1733576348,1,10.50.3.21,2,191.112.0.1,3.34,3,tcp-sport,95,0,104456,11,36780,5,253,3,3
40,2024-12-07 09:59:03,192.168.1.27,1,0,185.131.204.20,0,0,3,1733576348,1,10.50.3.22,2,191.112.0.1,4.477,3,tcp-sport,95,0,354575,11,36780,5,252,4,3
40,2024-12-07 09:59:03,192.168.1.27,1,0,185.131.204.20,0,0,3,1733576348,1,10.50.3.22,2,191.112.0.1,4.431,3,tcp-sport,95,0,605524,11,36781,5,252,4,3
40,2024-12-07 09:59:03,192.168.1.27,1,0,185.131.204.20,0,0,3,1733576348,1,10.50.3.22,2,191.112.0.1,4.099,3,tcp-sport,95,0,856407,11,36782,5,252,4,3
40,2024-12-07 09:59:03,192.168.1.27,1,0,185.131.204.20,0,0,3,1733576349,1,10.50.3.22,2,191.112.0.1,4.33,3,tcp-sport,95,0,107092,11,36783,5,252,4,3
40,2024-12-07 09:59:03,192.168.1.27,1,0,185.131.204.20,0,0,3,1733576349,1,10.50.3.22,2,191.112.0.1,3.967,3,tcp-sport,95,0,357495,11,36784,5,252,4,3
40,2024-12-07 09:59:03,192.168.1.27,1,0,185.131.204.20,0,0,3,1733576349,1,10.50.3.22,2,191.112.0.1,4.418,3,tcp-sport,95,0,608592,11,36785,5,252,4,3
40,2024-12-07 09:59:03,192.168.1.27,1,0,185.131.204.20,0,9158,3,1733576349,1,5.53.0.144,2,10.50.3.22,5.355,3,tcp-sport,95,0,859351,11,36780,5,250,5,3
40,2024-12-07 09:59:03,192.168.1.27,1,0,185.131.204.20,0,21116,3,1733576380,1,5.53.0.144,2,10.50.3.22,4.703,3,tcp-sport,95,0,113314,11,36784,5,250,5,3
44,2024-12-07 10:02:37,192.168.1.27,1,0,5.161.76.19,0,798,3,1733576557,1,191.112.0.1,2,192.168.1.1,5.461,3,icmp-echo,95,0,549377,11,1,5,254,2,3
44,2024-12-07 10:02:37,192.168.1.27,1,0,5.161.76.19,0,801,3,1733576557,1,191.112.0.1,2,192.168.1.1,4.341,3,icmp-echo,95,0,800130,11,2,5,254,2,3
44,2024-12-07 10:02:37,192.168.1.27,1,0,5.161.76.19,0,803,3,1733576558,1,191.112.0.1,2,192.168.1.1,4.746,3,icmp-echo,95,0,50850,11,3,5,254,2,3
44,2024-12-07 10:02:37,192.168.1.27,1,0,5.161.76.19,0,805,3,1733576558,1,191.112.0.1,2,192.168.1.1,4.997,3,icmp-echo,95,0,300951,11,4,5,254,2,3
44,2024-12-07 10:02:37,192.168.1.27,1,0,5.161.76.19,0,806,3,1733576558,1,191.112.0.1,2,192.168.1.1,5.656,3,icmp-echo,95,0,551149,11,5,5,254,2,3
44,2024-12-07 10:02:37,192.168.1.27,1,0,5.161.76.19,0,807,3,1733576558,1,191.112.0.1,2,192.168.1.1,4.111,3,icmp-echo,95,0,802126,11,6,5,254,2,3
44,2024-12-07 10:02:37,192.168.1.27,1,0,5.161.76.19,0,770,3,1733576559,1,10.50.3.9,2,191.112.0.1,3.927,3,icmp-echo,95,0,52642,11,1,5,253,3,3
44,2024-12-07 10:02:37,192.168.1.27,1,0,5.161.76.19,0,903,3,1733576559,1,10.50.3.9,2,191.112.0.1,3.106,3,icmp-echo,95,0,552936,11,3,5,253,3,3
44,2024-12-07 10:02:37,192.168.1.27,1,0,5.161.76.19,0,53,3,1733576560,1,10.50.3.9,2,191.112.0.1,3.752,3,icmp-echo,95,0,304923,11,6,5,253,3,3
44,2024-12-07 10:02:37,192.168.1.27,1,0,5.161.76.19,0,108,3,1733576560,1,10.50.3.9,2,191.112.0.1,3.995,3,icmp-echo,95,0,555033,11,7,5,253,3,3
44,2024-12-07 10:02:37,192.168.1.27,1,0,5.161.76.19,0,172,3,1733576560,1,10.50.3.9,2,191.112.0.1,4.174,3,icmp-echo,95,0,805418,11,8,5,253,3,3
44,2024-12-07 10:02:37,192.168.1.27,1,0,5.161.76.19,0,344,3,1733576561,1,10.50.3.9,2,191.112.0.1,4.034,3,icmp-echo,95,0,557098,11,11,5,253,3,3
44,2024-12-07 10:02:37,192.168.1.27,1,0,5.161.76.19,0,828,3,1733576559,1,10.50.3.21,2,191.112.0.1,3.814,3,icmp-echo,95,0,302919,11,2,5,253,3,3
44,2024-12-07 10:02:37,192.168.1.27,1,0,5.161.76.19,0,955,3,1733576559,1,10.50.3.21,2,191.112.0.1,4.213,3,icmp-echo,95,0,803479,11,4,5,253,3,3
44,2024-12-07 10:02:37,192.168.1.27,1,0,5.161.76.19,0,1016,3,1733576560,1,10.50.3.21,2,191.112.0.1,4.389,3,icmp-echo,95,0,54074,11,5,5,253,3,3
44,2024-12-07 10:02:37,192.168.1.27,1,0,5.161.76.19,0,229,3,1733576561,1,10.50.3.21,2,191.112.0.1,4.258,3,icmp-echo,95,0,56022,11,9,5,253,3,3
44,2024-12-07 10:02:37,192.168.1.27,1,0,5.161.76.19,0,288,3,1733576561,1,10.50.3.21,2,191.112.0.1,3.965,3,icmp-echo,95,0,306725,11,10,5,253,3,3
44,2024-12-07 10:02:37,192.168.1.27,1,0,5.161.76.19,0,409,3,1733576561,1,10.50.3.21,2,191.112.0.1,3.63,3,icmp-echo,95,0,807547,11,1,5,253,3,3
44,2024-12-07 10:02:37,192.168.1.27,1,0,5.161.76.19,0,13,3,1733576562,1,10.50.3.10,2,191.112.0.1,4.439,3,icmp-echo,95,0,58502,11,1,5,252,4,3
44,2024-12-07 10:02:37,192.168.1.27,1,0,5.161.76.19,0,84,3,1733576562,1,10.50.3.10,2,191.112.0.1,4.577,3,icmp-echo,95,0,309384,11,2,5,252,4,3
44,2024-12-07 10:02:37,192.168.1.27,1,0,5.161.76.19,0,161,3,1733576562,1,10.50.3.10,2,191.112.0.1,3.836,3,icmp-echo,95,0,560143,11,3,5,252,4,3
44,2024-12-07 10:02:37,192.168.1.27,1,0,5.161.76.19,0,227,3,1733576562,1,10.50.3.10,2,191.112.0.1,4.577,3,icmp-echo,95,0,810342,11,4,5,252,4,3
44,2024-12-07 10:02:37,192.168.1.27,1,0,5.161.76.19,0,296,3,1733576563,1,10.50.3.10,2,191.112.0.1,3.77,3,icmp-echo,95,0,61196,11,5,5,252,4,3
44,2024-12-07 10:02:37,192.168.1.27,1,0,5.161.76.19,0,355,3,1733576563,1,10.50.3.10,2,191.112.0.1,4.262,3,icmp-echo,95,0,312171,11,6,5,252,4,3
44,2024-12-07 10:02:37,192.168.1.27,1,0,5.161.76.19,0,0,3,1733576573,1,213.140.39.160,2,10.50.3.10,6.56,3,icmp-echo,95,0,570071,11,2,5,250,5,3
44,2024-12-07 09:55:37,192.168.1.27,1,0,185.131.204.20,0,200,3,1733576137,1,191.112.0.1,2,192.168.1.1,6.106,3,icmp-echo,95,0,941491,11,1,5,254,2,3
44,2024-12-07 09:55:37,192.168.1.27,1,0,185.131.204.20,0,202,3,1733576138,1,191.112.0.1,2,192.168.1.1,4.26,3,icmp-echo,95,0,191958,11,2,5,254,2,3
44,2024-12-07 09:55:37,192.168.1.27,1,0,185.131.204.20,0,203,3,1733576138,1,191.112.0.1,2,192.168.1.1,4.719,3,icmp-echo,95,0,442570,11,3,5,254,2,3
44,2024-12-07 09:55:37,192.168.1.27,1,0,185.131.204.20,0,205,3,1733576138,1,191.112.0.1,2,192.168.1.1,6.197,3,icmp-echo,95,0,692598,11,4,5,254,2,3
44,2024-12-07 09:55:37,192.168.1.27,1,0,185.131.204.20,0,206,3,1733576138,1,191.112.0.1,2,192.168.1.1,4.494,3,icmp-echo,95,0,943163,11,5,5,254,2,3
44,2024-12-07 09:55:37,192.168.1.27,1,0,185.131.204.20,0,207,3,1733576139,1,191.112.0.1,2,192.168.1.1,4.107,3,icmp-echo,95,0,194006,11,6,5,254,2,3
44,2024-12-07 09:55:37,192.168.1.27,1,0,185.131.204.20,0,582,3,1733576139,1,10.50.3.9,2,191.112.0.1,3.46,3,icmp-echo,95,0,946316,11,3,5,253,3,3
44,2024-12-07 09:55:37,192.168.1.27,1,0,185.131.204.20,0,627,3,1733576140,1,10.50.3.9,2,191.112.0.1,4.37,3,icmp-echo,95,0,197128,11,4,5,253,3,3
44,2024-12-07 09:55:37,192.168.1.27,1,0,185.131.204.20,0,729,3,1733576140,1,10.50.3.9,2,191.112.0.1,4.04,3,icmp-echo,95,0,698170,11,6,5,253,3,3
44,2024-12-07 09:55:37,192.168.1.27,1,0,185.131.204.20,0,791,3,1733576140,1,10.50.3.9,2,191.112.0.1,3.274,3,icmp-echo,95,0,948555,11,7,5,253,3,3
44,2024-12-07 09:55:37,192.168.1.27,1,0,185.131.204.20,0,842,3,1733576141,1,10.50.3.9,2,191.112.0.1,4.102,3,icmp-echo,95,0,199187,11,8,5,253,3,3
44,2024-12-07 09:55:37,192.168.1.27,1,0,185.131.204.20,0,892,3,1733576141,1,10.50.3.9,2,191.112.0.1,3.085,3,icmp-echo,95,0,449648,11,9,5,253,3,3
44,2024-12-07 09:55:37,192.168.1.27,1,0,185.131.204.20,0,947,3,1733576141,1,10.50.3.9,2,191.112.0.1,4.172,3,icmp-echo,95,0,700062,11,10,5,253,3,3
44,2024-12-07 09:55:37,192.168.1.27,1,0,185.131.204.20,0,991,3,1733576141,1,10.50.3.9,2,191.112.0.1,3.147,3,icmp-echo,95,0,950597,11,11,5,253,3,3
44,2024-12-07 09:55:37,192.168.1.27,1,0,185.131.204.20,0,489,3,1733576139,1,10.50.3.21,2,191.112.0.1,4.554,3,icmp-echo,95,0,444461,11,1,5,253,3,3
44,2024-12-07 09:55:37,192.168.1.27,1,0,185.131.204.20,0,534,3,1733576139,1,10.50.3.21,2,191.112.0.1,3.553,3,icmp-echo,95,0,695393,11,2,5,253,3,3
44,2024-12-07 09:55:37,192.168.1.27,1,0,185.131.204.20,0,684,3,1733576140,1,10.50.3.21,2,191.112.0.1,2.979,3,icmp-echo,95,0,447842,11,5,5,253,3,3
44,2024-12-07 09:55:37,192.168.1.27,1,0,185.131.204.20,0,23,3,1733576142,1,10.50.3.21,2,191.112.0.1,4.32,3,icmp-echo,95,0,201125,11,3,5,253,3,3
44,2024-12-07 09:55:37,192.168.1.27,1,0,185.131.204.20,0,849,3,1733576142,1,10.50.3.10,2,191.112.0.1,4.585,3,icmp-echo,95,0,451814,11,1,5,252,4,3
44,2024-12-07 09:55:37,192.168.1.27,1,0,185.131.204.20,0,901,3,1733576142,1,10.50.3.10,2,191.112.0.1,3.854,3,icmp-echo,95,0,702789,11,2,5,252,4,3
44,2024-12-07 09:55:37,192.168.1.27,1,0,185.131.204.20,0,979,3,1733576142,1,10.50.3.10,2,191.112.0.1,5.528,3,icmp-echo,95,0,952934,11,3,5,252,4,3
44,2024-12-07 09:55:37,192.168.1.27,1,0,185.131.204.20,0,27,3,1733576143,1,10.50.3.10,2,191.112.0.1,3.73,3,icmp-echo,95,0,203809,11,4,5,252,4,3
44,2024-12-07 09:55:37,192.168.1.27,1,0,185.131.204.20,0,96,3,1733576143,1,10.50.3.10,2,191.112.0.1,3.778,3,icmp-echo,95,0,453903,11,5,5,252,4,3
44,2024-12-07 09:55:37,192.168.1.27,1,0,185.131.204.20,0,150,3,1733576143,1,10.50.3.10,2,191.112.0.1,4.174,3,icmp-echo,95,0,703986,11,6,5,252,4,3
44,2024-12-07 09:55:37,192.168.1.27,1,0,185.131.204.20,0,0,3,1733576148,1,213.140.39.160,2,10.50.3.10,6.205,3,icmp-echo,95,1,958564,11,1,5,250,5,3
44,2024-12-07 09:55:37,192.168.1.27,1,0,185.131.204.20,0,0,3,1733576159,1,213.140.39.160,2,10.50.3.10,6.264,3,icmp-echo,95,0,217087,11,3,5,250,5,3
44,2024-12-07 09:55:37,192.168.1.27,1,0,185.131.204.20,0,0,3,1733576164,1,213.140.39.160,2,10.50.3.10,6.386,3,icmp-echo,95,1,471075,11,4,5,250,5,3
44,2024-12-07 09:55:37,192.168.1.27,1,0,185.131.204.20,0,0,3,1733576164,1,213.140.39.160,2,10.50.3.10,6.59,3,icmp-echo,95,0,721856,11,5,5,250,5,3
44,2024-12-07 09:55:37,192.168.1.27,1,0,185.131.204.20,0,0,3,1733576169,1,213.140.39.160,2,10.50.3.10,5.981,3,icmp-echo,95,1,976097,11,6,5,250,5,3
40,2024-12-07 09:50:14,192.168.1.27,1,0,130.104.228.159,0,69,2,1733575814,1,191.112.0.1,2,192.168.1.1,5.132,3,tcp-sport,95,0,924069,11,64118,5,254,2,2
40,2024-12-07 09:50:14,192.168.1.27,1,0,130.104.228.159,0,72,2,1733575815,1,191.112.0.1,2,192.168.1.1,4.535,3,tcp-sport,95,0,174778,11,64119,5,254,2,2
40,2024-12-07 09:50:14,192.168.1.27,1,0,130.104.228.159,0,73,2,1733575815,1,191.112.0.1,2,192.168.1.1,4.502,3,tcp-sport,95,0,425444,11,64120,5,254,2,2
40,2024-12-07 09:50:14,192.168.1.27,1,0,130.104.228.159,0,80,2,1733575815,1,191.112.0.1,2,192.168.1.1,4.862,3,tcp-sport,95,0,676448,11,64121,5,254,2,2
40,2024-12-07 09:50:14,192.168.1.27,1,0,130.104.228.159,0,84,2,1733575815,1,191.112.0.1,2,192.168.1.1,4.807,3,tcp-sport,95,0,926633,11,64122,5,254,2,2
40,2024-12-07 09:50:14,192.168.1.27,1,0,130.104.228.159,0,86,2,1733575816,1,191.112.0.1,2,192.168.1.1,4.764,3,tcp-sport,95,0,176748,11,64123,5,254,2,2
40,2024-12-07 09:50:14,192.168.1.27,1,0,130.104.228.159,0,750,2,1733575816,1,10.50.3.9,2,191.112.0.1,4.63,3,tcp-sport,95,0,677886,11,64119,5,253,3,2
40,2024-12-07 09:50:14,192.168.1.27,1,0,130.104.228.159,0,138,2,1733575817,1,10.50.3.9,2,191.112.0.1,4.027,3,tcp-sport,95,0,179905,11,64121,5,253,3,2
40,2024-12-07 09:50:14,192.168.1.27,1,0,130.104.228.159,0,905,2,1733575817,1,10.50.3.9,2,191.112.0.1,3.978,3,tcp-sport,95,0,430122,11,64122,5,253,3,2
40,2024-12-07 09:50:14,192.168.1.27,1,0,130.104.228.159,0,337,2,1733575817,1,10.50.3.9,2,191.112.0.1,3.481,3,tcp-sport,95,0,931472,11,64124,5,253,3,2
40,2024-12-07 09:50:14,192.168.1.27,1,0,130.104.228.159,0,384,2,1733575818,1,10.50.3.9,2,191.112.0.1,4.148,3,tcp-sport,95,0,182330,11,64125,5,253,3,2
40,2024-12-07 09:50:14,192.168.1.27,1,0,130.104.228.159,0,142,2,1733575818,1,10.50.3.9,2,191.112.0.1,4.839,3,tcp-sport,95,0,683064,11,64127,5,253,3,2
40,2024-12-07 09:50:14,192.168.1.27,1,0,130.104.228.159,0,245,2,1733575819,1,10.50.3.9,2,191.112.0.1,18.67,3,tcp-sport,95,0,183516,11,64119,5,253,3,2
40,2024-12-07 09:50:14,192.168.1.27,1,0,130.104.228.159,0,306,2,1733575819,1,10.50.3.9,2,191.112.0.1,4.14,3,tcp-sport,95,0,433540,11,64119,5,253,3,2
40,2024-12-07 09:50:14,192.168.1.27,1,0,130.104.228.159,0,976,2,1733575816,1,10.50.3.21,2,191.112.0.1,3.691,3,tcp-sport,95,0,426826,11,64118,5,253,3,2
40,2024-12-07 09:50:14,192.168.1.27,1,0,130.104.228.159,0,767,2,1733575816,1,10.50.3.21,2,191.112.0.1,4.636,3,tcp-sport,95,0,928889,11,64120,5,253,3,2
40,2024-12-07 09:50:14,192.168.1.27,1,0,130.104.228.159,0,128,2,1733575817,1,10.50.3.21,2,191.112.0.1,3.617,3,tcp-sport,95,0,680467,11,64123,5,253,3,2
40,2024-12-07 09:50:14,192.168.1.27,1,0,130.104.228.159,0,229,2,1733575818,1,10.50.3.21,2,191.112.0.1,3.85,3,tcp-sport,95,0,432837,11,64126,5,253,3,2
40,2024-12-07 09:50:14,192.168.1.27,1,0,130.104.228.159,0,544,2,1733575818,1,10.50.3.21,2,191.112.0.1,3.936,3,tcp-sport,95,0,933103,11,64128,5,253,3,2
40,2024-12-07 09:50:14,192.168.1.27,1,0,130.104.228.159,0,363,2,1733575819,1,10.50.3.21,2,191.112.0.1,4.008,3,tcp-sport,95,0,684274,11,64119,5,253,3,2
40,2024-12-07 09:50:14,192.168.1.27,1,0,130.104.228.159,0,937,2,1733575819,1,10.50.3.10,2,191.112.0.1,4.43,3,tcp-sport,95,0,934951,11,64118,5,252,4,2
40,2024-12-07 09:50:14,192.168.1.27,1,0,130.104.228.159,0,296,2,1733575825,1,10.50.3.10,2,191.112.0.1,4.633,3,tcp-sport,95,1,436850,11,64120,5,252,4,2
40,2024-12-07 09:50:14,192.168.1.27,1,0,130.104.228.159,0,502,2,1733575825,1,10.50.3.10,2,191.112.0.1,4.632,3,tcp-sport,95,0,686899,11,64121,5,252,4,2
40,2024-12-07 09:50:14,192.168.1.27,1,0,130.104.228.159,0,439,2,1733575825,1,10.50.3.10,2,191.112.0.1,4.521,3,tcp-sport,95,0,937976,11,64122,5,252,4,2
40,2024-12-07 09:50:14,192.168.1.27,1,0,130.104.228.159,0,523,2,1733575826,1,10.50.3.10,2,191.112.0.1,4.564,3,tcp-sport,95,0,188949,11,64123,5,252,4,2
40,2024-12-07 09:50:14,192.168.1.27,1,0,130.104.228.159,0,0,2,1733575820,1,10.50.3.22,2,191.112.0.1,4.881,3,tcp-sport,95,0,185826,11,64119,5,252,4,2
40,2024-12-07 09:50:14,192.168.1.27,1,0,130.104.228.159,0,0,2,1733575826,1,10.50.3.22,2,191.112.0.1,3.945,3,tcp-sport,95,0,439956,11,64124,5,252,4,2
40,2024-12-07 09:50:14,192.168.1.27,1,0,130.104.228.159,0,0,2,1733575826,1,10.50.3.22,2,191.112.0.1,4.154,3,tcp-sport,95,0,690770,11,64125,5,252,4,2
40,2024-12-07 09:50:14,192.168.1.27,1,0,130.104.228.159,0,0,2,1733575826,1,10.50.3.22,2,191.112.0.1,9.506,3,tcp-sport,95,0,941370,11,64126,5,252,4,2
40,2024-12-07 09:50:14,192.168.1.27,1,0,130.104.228.159,0,0,2,1733575827,1,10.50.3.22,2,191.112.0.1,4.013,3,tcp-sport,95,0,192326,11,64127,5,252,4,2
40,2024-12-07 09:50:14,192.168.1.27,1,0,130.104.228.159,0,0,2,1733575827,1,10.50.3.22,2,191.112.0.1,4.85,3,tcp-sport,95,0,442790,11,64128,5,252,4,2
44,2024-12-07 09:45:43,192.168.1.27,1,0,130.104.228.159,0,673,2,1733575544,1,191.112.0.1,2,192.168.1.1,4.513,3,udp-dport,95,0,121475,11,33435,5,254,2,2
44,2024-12-07 09:45:43,192.168.1.27,1,0,130.104.228.159,0,674,2,1733575544,1,191.112.0.1,2,192.168.1.1,4.524,3,udp-dport,95,0,372448,11,33436,5,254,2,2
44,2024-12-07 09:45:43,192.168.1.27,1,0,130.104.228.159,0,694,2,1733575544,1,191.112.0.1,2,192.168.1.1,8.264,3,udp-dport,95,0,623493,11,33437,5,254,2,2
44,2024-12-07 09:45:43,192.168.1.27,1,0,130.104.228.159,0,695,2,1733575544,1,191.112.0.1,2,192.168.1.1,4.996,3,udp-dport,95,0,874142,11,33438,5,254,2,2
44,2024-12-07 09:45:43,192.168.1.27,1,0,130.104.228.159,0,696,2,1733575545,1,191.112.0.1,2,192.168.1.1,11.497,3,udp-dport,95,0,124499,11,33439,5,254,2,2
44,2024-12-07 09:45:43,192.168.1.27,1,0,130.104.228.159,0,697,2,1733575545,1,191.112.0.1,2,192.168.1.1,5.056,3,udp-dport,95,0,375415,11,33440,5,254,2,2
44,2024-12-07 09:45:43,192.168.1.27,1,0,130.104.228.159,0,99,2,1733575545,1,10.50.3.9,2,191.112.0.1,3.703,3,udp-dport,95,0,625886,11,33435,5,253,3,2
44,2024-12-07 09:45:43,192.168.1.27,1,0,130.104.228.159,0,635,2,1733575551,1,10.50.3.9,2,191.112.0.1,4.204,3,udp-dport,95,0,381650,11,33438,5,253,3,2
44,2024-12-07 09:45:43,192.168.1.27,1,0,130.104.228.159,0,64,2,1733575557,1,10.50.3.9,2,191.112.0.1,3.952,3,udp-dport,95,0,389196,11,33442,5,253,3,2
44,2024-12-07 09:45:43,192.168.1.27,1,0,130.104.228.159,0,644,2,1733575557,1,10.50.3.9,2,191.112.0.1,4.151,3,udp-dport,95,0,639613,11,33443,5,253,3,2
44,2024-12-07 09:45:43,192.168.1.27,1,0,130.104.228.159,0,349,2,1733575557,1,10.50.3.9,2,191.112.0.1,4.385,3,udp-dport,95,0,890207,11,33444,5,253,3,2
44,2024-12-07 09:45:43,192.168.1.27,1,0,130.104.228.159,0,233,2,1733575558,1,10.50.3.9,2,191.112.0.1,4.107,3,udp-dport,95,0,140994,11,33445,5,253,3,2
44,2024-12-07 09:45:43,192.168.1.27,1,0,130.104.228.159,0,797,2,1733575558,1,10.50.3.9,2,191.112.0.1,3.747,3,udp-dport,95,0,391527,11,33435,5,253,3,2
44,2024-12-07 09:45:43,192.168.1.27,1,0,130.104.228.159,0,851,2,1733575558,1,10.50.3.9,2,191.112.0.1,3.158,3,udp-dport,95,0,641634,11,33435,5,253,3,2
44,2024-12-07 09:45:43,192.168.1.27,1,0,130.104.228.159,0,896,2,1733575558,1,10.50.3.9,2,191.112.0.1,3.703,3,udp-dport,95,0,892252,11,33435,5,253,3,2
44,2024-12-07 09:45:43,192.168.1.27,1,0,130.104.228.159,0,948,2,1733575559,1,10.50.3.9,2,191.112.0.1,3.43,3,udp-dport,95,0,142324,11,33435,5,253,3,2
44,2024-12-07 09:45:43,192.168.1.27,1,0,130.104.228.159,0,251,2,1733575550,1,10.50.3.21,2,191.112.0.1,17.103,3,udp-dport,95,1,880156,11,33436,5,253,3,2
44,2024-12-07 09:45:43,192.168.1.27,1,0,130.104.228.159,0,782,2,1733575551,1,10.50.3.21,2,191.112.0.1,4.515,3,udp-dport,95,0,130693,11,33437,5,253,3,2
44,2024-12-07 09:45:43,192.168.1.27,1,0,130.104.228.159,0,923,2,1733575556,1,10.50.3.21,2,191.112.0.1,4.447,3,udp-dport,95,1,636405,11,33439,5,253,3,2
44,2024-12-07 09:45:43,192.168.1.27,1,0,130.104.228.159,0,112,2,1733575556,1,10.50.3.21,2,191.112.0.1,3.412,3,udp-dport,95,0,887290,11,33440,5,253,3,2
44,2024-12-07 09:45:43,192.168.1.27,1,0,130.104.228.159,0,8,2,1733575557,1,10.50.3.21,2,191.112.0.1,3.614,3,udp-dport,95,0,138137,11,33441,5,253,3,2
44,2024-12-07 09:45:43,192.168.1.27,1,0,130.104.228.159,0,1001,2,1733575559,1,10.50.3.21,2,191.112.0.1,3.611,3,udp-dport,95,0,393240,11,33435,5,253,3,2
44,2024-12-07 10:01:13,192.168.1.27,1,0,5.161.76.19,0,147,2,1733576473,1,191.112.0.1,2,192.168.1.1,4.636,3,udp-dport,95,0,637092,11,33435,5,254,2,2
44,2024-12-07 10:01:13,192.168.1.27,1,0,5.161.76.19,0,156,2,1733576473,1,191.112.0.1,2,192.168.1.1,4.219,3,udp-dport,95,0,887106,11,33436,5,254,2,2
44,2024-12-07 10:01:13,192.168.1.27,1,0,5.161.76.19,0,159,2,1733576474,1,191.112.0.1,2,192.168.1.1,7.959,3,udp-dport,95,0,137719,11,33437,5,254,2,2
44,2024-12-07 10:01:13,192.168.1.27,1,0,5.161.76.19,0,161,2,1733576474,1,191.112.0.1,2,192.168.1.1,4.409,3,udp-dport,95,0,388007,11,33438,5,254,2,2
44,2024-12-07 10:01:13,192.168.1.27,1,0,5.161.76.19,0,163,2,1733576474,1,191.112.0.1,2,192.168.1.1,6.497,3,udp-dport,95,0,638859,11,33439,5,254,2,2
44,2024-12-07 10:01:13,192.168.1.27,1,0,5.161.76.19,0,166,2,1733576474,1,191.112.0.1,2,192.168.1.1,5.517,3,udp-dport,95,0,889721,11,33440,5,254,2,2
44,2024-12-07 10:01:13,192.168.1.27,1,0,5.161.76.19,0,182,2,1733576475,1,10.50.3.9,2,191.112.0.1,3.673,3,udp-dport,95,0,140678,11,33435,5,253,3,2
44,2024-12-07 10:01:13,192.168.1.27,1,0,5.161.76.19,0,157,2,1733576475,1,10.50.3.9,2,191.112.0.1,2.741,3,udp-dport,95,0,390709,11,33436,5,253,3,2
44,2024-12-07 10:01:13,192.168.1.27,1,0,5.161.76.19,0,328,2,1733576501,1,10.50.3.9,2,191.112.0.1,3.925,3,udp-dport,95,0,162582,11,33441,5,253,3,2
44,2024-12-07 10:01:13,192.168.1.27,1,0,5.161.76.19,0,432,2,1733576501,1,10.50.3.9,2,191.112.0.1,9.074,3,udp-dport,95,0,662945,11,33443,5,253,3,2
44,2024-12-07 10:01:13,192.168.1.27,1,0,5.161.76.19,0,471,2,1733576501,1,10.50.3.9,2,191.112.0.1,5.054,3,udp-dport,95,0,913456,11,33444,5,253,3,2
44,2024-12-07 10:01:13,192.168.1.27,1,0,5.161.76.19,0,126,2,1733576502,1,10.50.3.9,2,191.112.0.1,4.819,3,udp-dport,95,0,414206,11,33446,5,253,3,2
44,2024-12-07 10:01:13,192.168.1.27,1,0,5.161.76.19,0,434,2,1733576502,1,10.50.3.9,2,191.112.0.1,4.599,3,udp-dport,95,0,664367,11,33447,5,253,3,2
44,2024-12-07 10:01:13,192.168.1.27,1,0,5.161.76.19,0,632,2,1733576480,1,10.50.3.21,2,191.112.0.1,3.976,3,udp-dport,95,1,644886,11,33437,5,253,3,2
44,2024-12-07 10:01:13,192.168.1.27,1,0,5.161.76.19,0,946,2,1733576490,1,10.50.3.21,2,191.112.0.1,7.589,3,udp-dport,95,0,903380,11,33439,5,253,3,2
44,2024-12-07 10:01:13,192.168.1.27,1,0,5.161.76.19,0,377,2,1733576501,1,10.50.3.21,2,191.112.0.1,19.658,3,udp-dport,95,0,412874,11,33442,5,253,3,2
44,2024-12-07 10:01:13,192.168.1.27,1,0,5.161.76.19,0,528,2,1733576502,1,10.50.3.21,2,191.112.0.1,4.886,3,udp-dport,95,0,163943,11,33445,5,253,3,2
44,2024-12-07 09:47:03,192.168.1.27,1,0,130.104.228.159,0,942,2,1733575623,1,191.112.0.1,2,192.168.1.1,5.744,3,icmp-echo,95,0,276882,11,1,5,254,2,2
44,2024-12-07 09:47:03,192.168.1.27,1,0,130.104.228.159,0,946,2,1733575623,1,191.112.0.1,2,192.168.1.1,4.391,3,icmp-echo,95,0,527025,11,2,5,254,2,2
44,2024-12-07 09:47:03,192.168.1.27,1,0,130.104.228.159,0,947,2,1733575623,1,191.112.0.1,2,192.168.1.1,4.684,3,icmp-echo,95,0,777826,11,3,5,254,2,2
44,2024-12-07 09:47:03,192.168.1.27,1,0,130.104.228.159,0,954,2,1733575624,1,191.112.0.1,2,192.168.1.1,4.853,3,icmp-echo,95,0,27865,11,4,5,254,2,2
44,2024-12-07 09:47:03,192.168.1.27,1,0,130.104.228.159,0,959,2,1733575624,1,191.112.0.1,2,192.168.1.1,3.852,3,icmp-echo,95,0,278073,11,5,5,254,2,2
44,2024-12-07 09:47:03,192.168.1.27,1,0,130.104.228.159,0,967,2,1733575624,1,191.112.0.1,2,192.168.1.1,4.476,3,icmp-echo,95,0,528280,11,6,5,254,2,2
44,2024-12-07 09:47:03,192.168.1.27,1,0,130.104.228.159,0,658,2,1733575624,1,10.50.3.9,2,191.112.0.1,3.196,3,icmp-echo,95,0,779148,11,1,5,253,3,2
44,2024-12-07 09:47:03,192.168.1.27,1,0,130.104.228.159,0,724,2,1733575625,1,10.50.3.9,2,191.112.0.1,12.818,3,icmp-echo,95,0,29716,11,2,5,253,3,2
44,2024-12-07 09:47:03,192.168.1.27,1,0,130.104.228.159,0,862,2,1733575625,1,10.50.3.9,2,191.112.0.1,4.207,3,icmp-echo,95,0,530757,11,4,5,253,3,2
44,2024-12-07 09:47:03,192.168.1.27,1,0,130.104.228.159,0,929,2,1733575625,1,10.50.3.9,2,191.112.0.1,4.513,3,icmp-echo,95,0,781319,11,5,5,253,3,2
44,2024-12-07 09:47:03,192.168.1.27,1,0,130.104.228.159,0,1002,2,1733575626,1,10.50.3.9,2,191.112.0.1,3.742,3,icmp-echo,95,0,32189,11,6,5,253,3,2
44,2024-12-07 09:47:03,192.168.1.27,1,0,130.104.228.159,0,41,2,1733575626,1,10.50.3.9,2,191.112.0.1,4.388,3,icmp-echo,95,0,283121,11,7,5,253,3,2
44,2024-12-07 09:47:03,192.168.1.27,1,0,130.104.228.159,0,173,2,1733575626,1,10.50.3.9,2,191.112.0.1,3.742,3,icmp-echo,95,0,784579,11,9,5,253,3,2
44,2024-12-07 09:47:03,192.168.1.27,1,0,130.104.228.159,0,290,2,1733575627,1,10.50.3.9,2,191.112.0.1,3.991,3,icmp-echo,95,0,285298,11,11,5,253,3,2
44,2024-12-07 09:47:03,192.168.1.27,1,0,130.104.228.159,0,791,2,1733575625,1,10.50.3.21,2,191.112.0.1,3.584,3,icmp-echo,95,0,279815,11,3,5,253,3,2
44,2024-12-07 09:47:03,192.168.1.27,1,0,130.104.228.159,0,104,2,1733575626,1,10.50.3.21,2,191.112.0.1,12.35,3,icmp-echo,95,0,533877,11,8,5,253,3,2
44,2024-12-07 09:47:03,192.168.1.27,1,0,130.104.228.159,0,235,2,1733575627,1,10.50.3.21,2,191.112.0.1,3.337,3,icmp-echo,95,0,34616,11,10,5,253,3,2
44,2024-12-07 09:47:03,192.168.1.27,1,0,130.104.228.159,0,376,2,1733575627,1,10.50.3.21,2,191.112.0.1,4.315,3,icmp-echo,95,0,535634,11,1,5,253,3,2
44,2024-12-07 09:47:03,192.168.1.27,1,0,130.104.228.159,0,71,2,1733575627,1,10.50.3.10,2,191.112.0.1,3.956,3,icmp-echo,95,0,786306,11,1,5,252,4,2
44,2024-12-07 09:47:03,192.168.1.27,1,0,130.104.228.159,0,160,2,1733575628,1,10.50.3.10,2,191.112.0.1,3.173,3,icmp-echo,95,0,36555,11,2,5,252,4,2
44,2024-12-07 09:47:03,192.168.1.27,1,0,130.104.228.159,0,24,2,1733575643,1,10.50.3.10,2,191.112.0.1,4.239,3,icmp-echo,95,1,299216,11,4,5,252,4,2
44,2024-12-07 09:47:03,192.168.1.27,1,0,130.104.228.159,0,88,2,1733575643,1,10.50.3.10,2,191.112.0.1,4.024,3,icmp-echo,95,0,549805,11,5,5,252,4,2
44,2024-12-07 09:47:03,192.168.1.27,1,0,130.104.228.159,0,164,2,1733575643,1,10.50.3.10,2,191.112.0.1,4.23,3,icmp-echo,95,0,800169,11,6,5,252,4,2
44,2024-12-07 09:47:03,192.168.1.27,1,0,130.104.228.159,0,265,2,1733575644,1,10.50.3.10,2,191.112.0.1,4.093,3,icmp-echo,95,0,50744,11,7,5,252,4,2
44,2024-12-07 10:12:47,192.168.1.27,1,0,80.77.4.60,0,903,2,1733577167,1,191.112.0.1,2,192.168.1.1,5.01,3,udp-dport,95,0,481172,11,33435,5,254,2,2
44,2024-12-07 10:12:47,192.168.1.27,1,0,80.77.4.60,0,910,2,1733577167,1,191.112.0.1,2,192.168.1.1,4.748,3,udp-dport,95,0,731574,11,33436,5,254,2,2
44,2024-12-07 10:12:47,192.168.1.27,1,0,80.77.4.60,0,921,2,1733577167,1,191.112.0.1,2,192.168.1.1,11.326,3,udp-dport,95,0,981630,11,33437,5,254,2,2
44,2024-12-07 10:12:47,192.168.1.27,1,0,80.77.4.60,0,932,2,1733577168,1,191.112.0.1,2,192.168.1.1,3.836,3,udp-dport,95,0,232131,11,33438,5,254,2,2
44,2024-12-07 10:12:47,192.168.1.27,1,0,80.77.4.60,0,946,2,1733577168,1,191.112.0.1,2,192.168.1.1,4.247,3,udp-dport,95,0,482333,11,33439,5,254,2,2
44,2024-12-07 10:12:47,192.168.1.27,1,0,80.77.4.60,0,954,2,1733577168,1,191.112.0.1,2,192.168.1.1,4.174,3,udp-dport,95,0,733025,11,33440,5,254,2,2
44,2024-12-07 10:12:47,192.168.1.27,1,0,80.77.4.60,0,84,2,1733577179,1,10.50.3.9,2,191.112.0.1,24.988,3,udp-dport,95,0,491743,11,33438,5,253,3,2
44,2024-12-07 10:12:47,192.168.1.27,1,0,80.77.4.60,0,561,2,1733577179,1,10.50.3.9,2,191.112.0.1,3.956,3,udp-dport,95,0,742147,11,33439,5,253,3,2
44,2024-12-07 10:12:47,192.168.1.27,1,0,80.77.4.60,0,614,2,1733577180,1,10.50.3.9,2,191.112.0.1,3.601,3,udp-dport,95,0,243031,11,33441,5,253,3,2
44,2024-12-07 10:12:47,192.168.1.27,1,0,80.77.4.60,0,619,2,1733577191,1,10.50.3.9,2,191.112.0.1,4.285,3,udp-dport,95,0,3289,11,33445,5,253,3,2
44,2024-12-07 10:12:47,192.168.1.27,1,0,80.77.4.60,0,614,2,1733577168,1,10.50.3.21,2,191.112.0.1,4.966,3,udp-dport,95,0,983625,11,33435,5,253,3,2
44,2024-12-07 10:12:47,192.168.1.27,1,0,80.77.4.60,0,28,2,1733577179,1,10.50.3.21,2,191.112.0.1,4.541,3,udp-dport,95,0,240834,11,33437,5,253,3,2
44,2024-12-07 10:12:47,192.168.1.27,1,0,80.77.4.60,0,212,2,1733577179,1,10.50.3.21,2,191.112.0.1,3.16,3,udp-dport,95,0,992497,11,33440,5,253,3,2
44,2024-12-07 10:12:47,192.168.1.27,1,0,80.77.4.60,0,41,2,1733577190,1,10.50.3.21,2,191.112.0.1,3.204,3,udp-dport,95,0,502141,11,33443,5,253,3,2
44,2024-12-07 10:12:47,192.168.1.27,1,0,80.77.4.60,0,88,2,1733577190,1,10.50.3.21,2,191.112.0.1,4.142,3,udp-dport,95,0,752761,11,33444,5,253,3,2
44,2024-12-07 10:12:47,192.168.1.27,1,0,80.77.4.60,0,48,2,1733577191,1,10.50.3.21,2,191.112.0.1,13.572,3,udp-dport,95,0,254019,11,33446,5,253,3,2
40,2024-12-07 10:01:00,192.168.1.27,1,0,185.131.204.20,0,916,5,1733576461,1,191.112.0.1,2,192.168.1.1,4.381,3,tcp-ack-sport,95,0,17261,11,37654,5,254,2,6
40,2024-12-07 10:01:00,192.168.1.27,1,0,185.131.204.20,0,923,5,1733576461,1,191.112.0.1,2,192.168.1.1,4.672,3,tcp-ack-sport,95,0,268036,11,37655,5,254,2,6
40,2024-12-07 10:01:00,192.168.1.27,1,0,185.131.204.20,0,931,5,1733576461,1,191.112.0.1,2,192.168.1.1,4.399,3,tcp-ack-sport,95,0,518430,11,37656,5,254,2,6
40,2024-12-07 10:01:00,192.168.1.27,1,0,185.131.204.20,0,938,5,1733576461,1,191.112.0.1,2,192.168.1.1,4.603,3,tcp-ack-sport,95,0,769150,11,37657,5,254,2,6
40,2024-12-07 10:01:00,192.168.1.27,1,0,185.131.204.20,0,948,5,1733576462,1,191.112.0.1,2,192.168.1.1,4.887,3,tcp-ack-sport,95,0,19921,11,37658,5,254,2,6
40,2024-12-07 10:01:00,192.168.1.27,1,0,185.131.204.20,0,953,5,1733576462,1,191.112.0.1,2,192.168.1.1,4.216,3,tcp-ack-sport,95,0,270093,11,37659,5,254,2,6
40,2024-12-07 10:01:00,192.168.1.27,1,0,185.131.204.20,0,244,5,1733576462,2,10.50.3.9,2,191.112.0.1,3.388,3,tcp-ack-sport,95,0,771376,11,37655,5,253,3,6
40,2024-12-07 10:01:00,192.168.1.27,1,0,185.131.204.20,0,315,5,1733576463,2,10.50.3.9,2,191.112.0.1,3.834,3,tcp-ack-sport,95,0,21473,11,37656,5,253,3,6
40,2024-12-07 10:01:00,192.168.1.27,1,0,185.131.204.20,0,370,5,1733576463,2,10.50.3.9,2,191.112.0.1,4.182,3,tcp-ack-sport,95,0,271663,11,37657,5,253,3,6
40,2024-12-07 10:01:00,192.168.1.27,1,0,185.131.204.20,0,415,5,1733576463,2,10.50.3.9,2,191.112.0.1,4.267,3,tcp-ack-sport,95,0,522679,11,37658,5,253,3,6
40,2024-12-07 10:01:00,192.168.1.27,1,0,185.131.204.20,0,468,5,1733576463,2,10.50.3.9,2,191.112.0.1,3.507,3,tcp-ack-sport,95,0,773399,11,37659,5,253,3,6
40,2024-12-07 10:01:00,192.168.1.27,1,0,185.131.204.20,0,856,5,1733576464,2,10.50.3.9,2,191.112.0.1,3.81,3,tcp-ack-sport,95,0,525496,11,37662,5,253,3,6
40,2024-12-07 10:01:00,192.168.1.27,1,0,185.131.204.20,0,805,5,1733576465,2,10.50.3.9,2,191.112.0.1,4.29,3,tcp-ack-sport,95,0,276687,11,37655,5,253,3,6
40,2024-12-07 10:01:00,192.168.1.27,1,0,185.131.204.20,0,871,5,1733576465,2,10.50.3.9,2,191.112.0.1,4.22,3,tcp-ack-sport,95,0,527661,11,37655,5,253,3,6
40,2024-12-07 10:01:00,192.168.1.27,1,0,185.131.204.20,0,941,5,1733576465,2,10.50.3.9,2,191.112.0.1,4.164,3,tcp-ack-sport,95,0,778271,11,37655,5,253,3,6
40,2024-12-07 10:01:00,192.168.1.27,1,0,185.131.204.20,0,997,5,1733576466,2,10.50.3.9,2,191.112.0.1,4.833,3,tcp-ack-sport,95,0,29320,11,37655,5,253,3,6
40,2024-12-07 10:01:00,192.168.1.27,1,0,185.131.204.20,0,28,5,1733576466,2,10.50.3.9,2,191.112.0.1,4.475,3,tcp-ack-sport,95,0,279519,11,37655,5,253,3,6
40,2024-12-07 10:01:00,192.168.1.27,1,0,185.131.204.20,0,89,5,1733576466,2,10.50.3.9,2,191.112.0.1,4.684,3,tcp-ack-sport,95,0,530546,11,37655,5,253,3,6
40,2024-12-07 10:01:00,192.168.1.27,1,0,185.131.204.20,0,173,5,1733576462,2,10.50.3.21,2,191.112.0.1,4.12,3,tcp-ack-sport,95,0,520822,11,37654,5,253,3,6
40,2024-12-07 10:01:00,192.168.1.27,1,0,185.131.204.20,0,878,5,1733576464,2,10.50.3.21,2,191.112.0.1,4.344,3,tcp-ack-sport,95,0,24091,11,37660,5,253,3,6
40,2024-12-07 10:01:00,192.168.1.27,1,0,185.131.204.20,0,964,5,1733576464,2,10.50.3.21,2,191.112.0.1,4.871,3,tcp-ack-sport,95,0,274458,11,37661,5,253,3,6
40,2024-12-07 10:01:00,192.168.1.27,1,0,185.131.204.20,0,898,5,1733576464,2,10.50.3.21,2,191.112.0.1,4.861,3,tcp-ack-sport,95,0,775664,11,37663,5,253,3,6
40,2024-12-07 10:01:00,192.168.1.27,1,0,185.131.204.20,0,746,5,1733576465,2,10.50.3.21,2,191.112.0.1,4.683,3,tcp-ack-sport,95,0,26627,11,37664,5,253,3,6
40,2024-12-07 10:01:00,192.168.1.27,1,0,185.131.204.20,0,656,5,1733576467,2,10.50.3.10,2,10.50.3.21,3.73,3,tcp-ack-sport,95,0,32494,11,37660,5,252,4,6
40,2024-12-07 10:01:00,192.168.1.27,1,0,185.131.204.20,0,695,5,1733576467,2,10.50.3.10,2,10.50.3.21,4.588,3,tcp-ack-sport,95,0,282534,11,37661,5,252,4,6
40,2024-12-07 10:01:00,192.168.1.27,1,0,185.131.204.20,0,737,5,1733576467,2,10.50.3.10,2,10.50.3.21,4.426,3,tcp-ack-sport,95,0,532753,11,37663,5,252,4,6
40,2024-12-07 10:01:00,192.168.1.27,1,0,185.131.204.20,0,32,5,1733576467,2,10.50.3.10,2,10.50.3.21,4.248,3,tcp-ack-sport,95,0,783542,11,37664,5,252,4,6
40,2024-12-07 10:01:00,192.168.1.27,1,0,185.131.204.20,0,195,5,1733576469,2,10.50.3.10,2,10.50.3.21,4.336,3,tcp-ack-sport,95,0,286374,11,37668,5,252,4,6
40,2024-12-07 10:01:00,192.168.1.27,1,0,185.131.204.20,0,316,5,1733576469,2,10.50.3.10,2,10.50.3.21,4.211,3,tcp-ack-sport,95,0,787550,11,37669,5,252,4,6
40,2024-12-07 10:01:00,192.168.1.27,1,0,185.131.204.20,0,690,5,1733576470,2,10.50.3.10,2,10.50.3.21,4.591,3,tcp-ack-sport,95,0,288277,11,37670,5,252,4,6
40,2024-12-07 10:01:00,192.168.1.27,1,0,185.131.204.20,0,595,5,1733576470,2,10.50.3.10,2,10.50.3.21,4.645,3,tcp-ack-sport,95,0,789064,11,37671,5,252,4,6
40,2024-12-07 10:01:00,192.168.1.27,1,0,185.131.204.20,0,724,5,1733576471,2,10.50.3.10,2,10.50.3.21,4.83,3,tcp-ack-sport,95,0,290066,11,37672,5,252,4,6
40,2024-12-07 10:01:00,192.168.1.27,1,0,185.131.204.20,0,778,5,1733576471,2,10.50.3.10,2,10.50.3.21,2.145,3,tcp-ack-sport,95,0,541073,11,37660,5,252,4,6
40,2024-12-07 10:01:00,192.168.1.27,1,0,185.131.204.20,0,857,5,1733576471,2,10.50.3.10,2,10.50.3.21,4.653,3,tcp-ack-sport,95,0,791134,11,37660,5,252,4,6
40,2024-12-07 10:01:00,192.168.1.27,1,0,185.131.204.20,0,933,5,1733576472,2,10.50.3.10,2,10.50.3.21,4.454,3,tcp-ack-sport,95,0,41235,11,37660,5,252,4,6
40,2024-12-07 10:01:00,192.168.1.27,1,0,185.131.204.20,0,988,5,1733576472,2,10.50.3.10,2,10.50.3.21,4.553,3,tcp-ack-sport,95,0,292231,11,37660,5,252,4,6
40,2024-12-07 10:01:00,192.168.1.27,1,0,185.131.204.20,0,32,5,1733576472,2,10.50.3.10,2,10.50.3.21,4.258,3,tcp-ack-sport,95,0,542421,11,37660,5,252,4,6
40,2024-12-07 10:01:00,192.168.1.27,1,0,185.131.204.20,0,106,5,1733576472,2,10.50.3.10,2,10.50.3.21,4.56,3,tcp-ack-sport,95,0,793045,11,37660,5,252,4,6
40,2024-12-07 10:01:00,192.168.1.27,1,0,185.131.204.20,0,0,5,1733576466,2,10.50.3.22,2,10.50.3.21,5.05,3,tcp-ack-sport,95,0,781611,11,37654,5,252,4,6
40,2024-12-07 10:01:00,192.168.1.27,1,0,185.131.204.20,0,0,5,1733576468,2,10.50.3.22,2,10.50.3.21,4.572,3,tcp-ack-sport,95,0,785428,11,37667,5,252,4,6
44,2024-12-07 10:14:25,192.168.1.27,1,0,80.77.4.60,0,114,3,1733577265,1,191.112.0.1,2,192.168.1.1,5.776,3,icmp-echo,95,0,642365,11,1,5,254,2,3
44,2024-12-07 10:14:25,192.168.1.27,1,0,80.77.4.60,0,115,3,1733577265,1,191.112.0.1,2,192.168.1.1,4.12,3,icmp-echo,95,0,892439,11,2,5,254,2,3
44,2024-12-07 10:14:25,192.168.1.27,1,0,80.77.4.60,0,126,3,1733577266,1,191.112.0.1,2,192.168.1.1,7.86,3,icmp-echo,95,0,142915,11,3,5,254,2,3
44,2024-12-07 10:14:25,192.168.1.27,1,0,80.77.4.60,0,130,3,1733577266,1,191.112.0.1,2,192.168.1.1,4.718,3,icmp-echo,95,0,393098,11,4,5,254,2,3
44,2024-12-07 10:14:25,192.168.1.27,1,0,80.77.4.60,0,134,3,1733577266,1,191.112.0.1,2,192.168.1.1,4.443,3,icmp-echo,95,0,644129,11,5,5,254,2,3
44,2024-12-07 10:14:25,192.168.1.27,1,0,80.77.4.60,0,137,3,1733577266,1,191.112.0.1,2,192.168.1.1,4.09,3,icmp-echo,95,0,894946,11,6,5,254,2,3
44,2024-12-07 10:14:25,192.168.1.27,1,0,80.77.4.60,0,124,3,1733577267,1,10.50.3.9,2,191.112.0.1,3.113,3,icmp-echo,95,0,647402,11,3,5,253,3,3
44,2024-12-07 10:14:25,192.168.1.27,1,0,80.77.4.60,0,165,3,1733577267,1,10.50.3.9,2,191.112.0.1,2.347,3,icmp-echo,95,0,897884,11,4,5,253,3,3
44,2024-12-07 10:14:25,192.168.1.27,1,0,80.77.4.60,0,421,3,1733577268,1,10.50.3.9,2,191.112.0.1,29.783,3,icmp-echo,95,0,900474,11,8,5,253,3,3
44,2024-12-07 10:14:25,192.168.1.27,1,0,80.77.4.60,0,514,3,1733577269,1,10.50.3.9,2,191.112.0.1,2.637,3,icmp-echo,95,0,400942,11,10,5,253,3,3
44,2024-12-07 10:14:25,192.168.1.27,1,0,80.77.4.60,0,24,3,1733577267,1,10.50.3.21,2,191.112.0.1,4.673,3,icmp-echo,95,0,145416,11,1,5,253,3,3
44,2024-12-07 10:14:25,192.168.1.27,1,0,80.77.4.60,0,73,3,1733577267,1,10.50.3.21,2,191.112.0.1,4.56,3,icmp-echo,95,0,396472,11,2,5,253,3,3
44,2024-12-07 10:14:25,192.168.1.27,1,0,80.77.4.60,0,215,3,1733577268,1,10.50.3.21,2,191.112.0.1,5.429,3,icmp-echo,95,0,148610,11,5,5,253,3,3
44,2024-12-07 10:14:25,192.168.1.27,1,0,80.77.4.60,0,298,3,1733577268,1,10.50.3.21,2,191.112.0.1,8.015,3,icmp-echo,95,0,399413,11,6,5,253,3,3
44,2024-12-07 10:14:25,192.168.1.27,1,0,80.77.4.60,0,362,3,1733577268,1,10.50.3.21,2,191.112.0.1,5.285,3,icmp-echo,95,0,649801,11,7,5,253,3,3
44,2024-12-07 10:14:25,192.168.1.27,1,0,80.77.4.60,0,468,3,1733577269,1,10.50.3.21,2,191.112.0.1,3.014,3,icmp-echo,95,0,150552,11,9,5,253,3,3
44,2024-12-07 10:14:25,192.168.1.27,1,0,80.77.4.60,0,577,3,1733577269,1,10.50.3.21,2,191.112.0.1,5.151,3,icmp-echo,95,0,651961,11,11,5,253,3,3
44,2024-12-07 10:14:25,192.168.1.27,1,0,80.77.4.60,0,640,3,1733577269,1,10.50.3.21,2,191.112.0.1,4.081,3,icmp-echo,95,0,902492,11,3,5,253,3,3
44,2024-12-07 10:14:25,192.168.1.27,1,0,80.77.4.60,0,441,3,1733577275,1,10.50.3.10,2,191.112.0.1,4.13,3,icmp-echo,95,1,156072,11,1,5,252,4,3
44,2024-12-07 10:14:25,192.168.1.27,1,0,80.77.4.60,0,469,3,1733577275,1,10.50.3.10,2,191.112.0.1,4.358,3,icmp-echo,95,0,406571,11,2,5,252,4,3
44,2024-12-07 10:14:25,192.168.1.27,1,0,80.77.4.60,0,552,3,1733577275,1,10.50.3.10,2,191.112.0.1,5.084,3,icmp-echo,95,0,657132,11,3,5,252,4,3
44,2024-12-07 10:14:25,192.168.1.27,1,0,80.77.4.60,0,640,3,1733577275,1,10.50.3.10,2,191.112.0.1,3.786,3,icmp-echo,95,0,907605,11,4,5,252,4,3
44,2024-12-07 10:14:25,192.168.1.27,1,0,80.77.4.60,0,718,3,1733577276,1,10.50.3.10,2,191.112.0.1,4.073,3,icmp-echo,95,0,157699,11,5,5,252,4,3
44,2024-12-07 10:14:25,192.168.1.27,1,0,80.77.4.60,0,738,3,1733577276,1,10.50.3.10,2,191.112.0.1,4.576,3,icmp-echo,95,0,408143,11,6,5,252,4,3
44,2024-12-07 10:14:25,192.168.1.27,1,0,80.77.4.60,0,0,3,1733577296,1,213.140.39.160,2,10.50.3.10,5.01,3,icmp-echo,95,0,675073,11,3,5,250,5,3
44,2024-12-07 09:53:50,192.168.1.27,1,0,185.131.204.20,0,962,2,1733576030,1,191.112.0.1,2,192.168.1.1,4.999,3,udp-dport,95,0,269374,11,33435,5,254,2,2
44,2024-12-07 09:53:50,192.168.1.27,1,0,185.131.204.20,0,965,2,1733576030,1,191.112.0.1,2,192.168.1.1,5.068,3,udp-dport,95,0,519816,11,33436,5,254,2,2
44,2024-12-07 09:53:50,192.168.1.27,1,0,185.131.204.20,0,972,2,1733576030,1,191.112.0.1,2,192.168.1.1,6.201,3,udp-dport,95,0,770327,11,33437,5,254,2,2
44,2024-12-07 09:53:50,192.168.1.27,1,0,185.131.204.20,0,974,2,1733576031,1,191.112.0.1,2,192.168.1.1,4.593,3,udp-dport,95,0,20962,11,33438,5,254,2,2
44,2024-12-07 09:53:50,192.168.1.27,1,0,185.131.204.20,0,976,2,1733576031,1,191.112.0.1,2,192.168.1.1,4.523,3,udp-dport,95,0,272000,11,33439,5,254,2,2
44,2024-12-07 09:53:50,192.168.1.27,1,0,185.131.204.20,0,977,2,1733576031,1,191.112.0.1,2,192.168.1.1,4.734,3,udp-dport,95,0,522968,11,33440,5,254,2,2
44,2024-12-07 09:53:50,192.168.1.27,1,0,185.131.204.20,0,257,2,1733576037,1,10.50.3.9,2,191.112.0.1,4.238,3,udp-dport,95,1,527089,11,33438,5,253,3,2
44,2024-12-07 09:53:50,192.168.1.27,1,0,185.131.204.20,0,208,2,1733576048,1,10.50.3.9,2,191.112.0.1,4.776,3,udp-dport,95,0,537828,11,33443,5,253,3,2
44,2024-12-07 09:53:50,192.168.1.27,1,0,185.131.204.20,0,997,2,1733576048,1,10.50.3.9,2,191.112.0.1,4.053,3,udp-dport,95,0,787916,11,33444,5,253,3,2
44,2024-12-07 09:53:50,192.168.1.27,1,0,185.131.204.20,0,206,2,1733576031,1,10.50.3.21,2,191.112.0.1,4.995,3,udp-dport,95,0,773073,11,33435,5,253,3,2
44,2024-12-07 09:53:50,192.168.1.27,1,0,185.131.204.20,0,75,2,1733576032,1,10.50.3.21,2,191.112.0.1,3.767,3,udp-dport,95,0,23506,11,33436,5,253,3,2
44,2024-12-07 09:53:50,192.168.1.27,1,0,185.131.204.20,0,314,2,1733576032,1,10.50.3.21,2,191.112.0.1,1.542,3,udp-dport,95,0,273605,11,33437,5,253,3,2
44,2024-12-07 09:53:50,192.168.1.27,1,0,185.131.204.20,0,895,2,1733576047,1,10.50.3.21,2,191.112.0.1,5.096,3,udp-dport,95,0,785904,11,33440,5,253,3,2
44,2024-12-07 09:53:50,192.168.1.27,1,0,185.131.204.20,0,1023,2,1733576048,1,10.50.3.21,2,191.112.0.1,4.559,3,udp-dport,95,0,36416,11,33441,5,253,3,2
44,2024-12-07 09:53:50,192.168.1.27,1,0,185.131.204.20,0,387,2,1733576048,1,10.50.3.21,2,191.112.0.1,4.041,3,udp-dport,95,0,287403,11,33442,5,253,3,2
44,2024-12-07 10:04:34,192.168.1.27,1,0,5.161.76.19,0,180,2,1733576674,1,191.112.0.1,2,192.168.1.1,4.578,3,udp-sport,95,0,781299,11,39293,5,254,2,2
44,2024-12-07 10:04:34,192.168.1.27,1,0,5.161.76.19,0,184,2,1733576675,1,191.112.0.1,2,192.168.1.1,4.484,3,udp-sport,95,0,32242,11,39294,5,254,2,2
44,2024-12-07 10:04:34,192.168.1.27,1,0,5.161.76.19,0,188,2,1733576675,1,191.112.0.1,2,192.168.1.1,3.969,3,udp-sport,95,0,283061,11,39295,5,254,2,2
44,2024-12-07 10:04:34,192.168.1.27,1,0,5.161.76.19,0,192,2,1733576675,1,191.112.0.1,2,192.168.1.1,5.383,3,udp-sport,95,0,533097,11,39296,5,254,2,2
44,2024-12-07 10:04:34,192.168.1.27,1,0,5.161.76.19,0,193,2,1733576675,1,191.112.0.1,2,192.168.1.1,4.077,3,udp-sport,95,0,783839,11,39297,5,254,2,2
44,2024-12-07 10:04:34,192.168.1.27,1,0,5.161.76.19,0,196,2,1733576676,1,191.112.0.1,2,192.168.1.1,4.192,3,udp-sport,95,0,34919,11,39298,5,254,2,2
44,2024-12-07 10:04:34,192.168.1.27,1,0,5.161.76.19,0,738,2,1733576676,1,10.50.3.9,2,191.112.0.1,2.849,3,udp-sport,95,0,285481,11,39293,5,253,3,2
44,2024-12-07 10:04:34,192.168.1.27,1,0,5.161.76.19,0,798,2,1733576676,1,10.50.3.9,2,191.112.0.1,4.063,3,udp-sport,95,0,535657,11,39294,5,253,3,2
44,2024-12-07 10:04:34,192.168.1.27,1,0,5.161.76.19,0,552,2,1733576677,1,10.50.3.9,2,191.112.0.1,2.305,3,udp-sport,95,0,36949,11,39296,5,253,3,2
44,2024-12-07 10:04:34,192.168.1.27,1,0,5.161.76.19,0,89,2,1733576687,1,10.50.3.9,2,191.112.0.1,3.82,3,udp-sport,95,0,539448,11,39299,5,253,3,2
44,2024-12-07 10:04:34,192.168.1.27,1,0,5.161.76.19,0,165,2,1733576687,1,10.50.3.9,2,191.112.0.1,4.807,3,udp-sport,95,0,789710,11,39300,5,253,3,2
44,2024-12-07 10:04:34,192.168.1.27,1,0,5.161.76.19,0,309,2,1733576688,1,10.50.3.9,2,191.112.0.1,4.783,3,udp-sport,95,0,290977,11,39302,5,253,3,2
44,2024-12-07 10:04:34,192.168.1.27,1,0,5.161.76.19,0,374,2,1733576688,1,10.50.3.9,2,191.112.0.1,5.512,3,udp-sport,95,0,541433,11,39303,5,253,3,2
44,2024-12-07 10:04:34,192.168.1.27,1,0,5.161.76.19,0,511,2,1733576676,1,10.50.3.21,2,191.112.0.1,3.733,3,udp-sport,95,0,786263,11,39295,5,253,3,2
44,2024-12-07 10:04:34,192.168.1.27,1,0,5.161.76.19,0,371,2,1733576687,1,10.50.3.21,2,191.112.0.1,4.726,3,udp-sport,95,0,289371,11,39298,5,253,3,2
44,2024-12-07 10:04:34,192.168.1.27,1,0,5.161.76.19,0,796,2,1733576688,1,10.50.3.21,2,191.112.0.1,4.482,3,udp-sport,95,0,40206,11,39301,5,253,3,2
40,2024-12-07 09:51:14,192.168.1.27,1,0,130.104.228.159,0,464,2,1733575875,1,191.112.0.1,2,192.168.1.1,5.868,3,tcp-ack-sport,95,0,100254,11,64620,5,254,2,2
40,2024-12-07 09:51:14,192.168.1.27,1,0,130.104.228.159,0,465,2,1733575875,1,191.112.0.1,2,192.168.1.1,4.708,3,tcp-ack-sport,95,0,350500,11,64621,5,254,2,2
40,2024-12-07 09:51:14,192.168.1.27,1,0,130.104.228.159,0,473,2,1733575875,1,191.112.0.1,2,192.168.1.1,9.013,3,tcp-ack-sport,95,0,600549,11,64622,5,254,2,2
40,2024-12-07 09:51:14,192.168.1.27,1,0,130.104.228.159,0,479,2,1733575875,1,191.112.0.1,2,192.168.1.1,4.598,3,tcp-ack-sport,95,0,850924,11,64623,5,254,2,2
40,2024-12-07 09:51:14,192.168.1.27,1,0,130.104.228.159,0,486,2,1733575876,1,191.112.0.1,2,192.168.1.1,3.908,3,tcp-ack-sport,95,0,101810,11,64624,5,254,2,2
40,2024-12-07 09:51:14,192.168.1.27,1,0,130.104.228.159,0,490,2,1733575876,1,191.112.0.1,2,192.168.1.1,4.742,3,tcp-ack-sport,95,0,352381,11,64625,5,254,2,2
40,2024-12-07 09:51:14,192.168.1.27,1,0,130.104.228.159,0,694,2,1733575876,1,10.50.3.9,2,191.112.0.1,3.786,3,tcp-ack-sport,95,0,602498,11,64620,5,253,3,2
40,2024-12-07 09:51:14,192.168.1.27,1,0,130.104.228.159,0,245,2,1733575877,1,10.50.3.9,2,191.112.0.1,4.486,3,tcp-ack-sport,95,0,854748,11,64625,5,253,3,2
40,2024-12-07 09:51:14,192.168.1.27,1,0,130.104.228.159,0,252,2,1733575878,1,10.50.3.9,2,191.112.0.1,4.4,3,tcp-ack-sport,95,0,356362,11,64627,5,253,3,2
40,2024-12-07 09:51:14,192.168.1.27,1,0,130.104.228.159,0,317,2,1733575879,1,10.50.3.9,2,191.112.0.1,3.623,3,tcp-ack-sport,95,0,107449,11,64630,5,253,3,2
40,2024-12-07 09:51:14,192.168.1.27,1,0,130.104.228.159,0,731,2,1733575876,1,10.50.3.21,2,191.112.0.1,3.698,3,tcp-ack-sport,95,0,852650,11,64621,5,253,3,2
40,2024-12-07 09:51:14,192.168.1.27,1,0,130.104.228.159,0,61,2,1733575877,1,10.50.3.21,2,191.112.0.1,4.239,3,tcp-ack-sport,95,0,102732,11,64622,5,253,3,2
40,2024-12-07 09:51:14,192.168.1.27,1,0,130.104.228.159,0,122,2,1733575877,1,10.50.3.21,2,191.112.0.1,3.21,3,tcp-ack-sport,95,0,353414,11,64623,5,253,3,2
40,2024-12-07 09:51:14,192.168.1.27,1,0,130.104.228.159,0,968,2,1733575877,1,10.50.3.21,2,191.112.0.1,4.207,3,tcp-ack-sport,95,0,604090,11,64624,5,253,3,2
40,2024-12-07 09:51:14,192.168.1.27,1,0,130.104.228.159,0,306,2,1733575878,1,10.50.3.21,2,191.112.0.1,3.61,3,tcp-ack-sport,95,0,105631,11,64626,5,253,3,2
40,2024-12-07 09:51:14,192.168.1.27,1,0,130.104.228.159,0,438,2,1733575878,1,10.50.3.21,2,191.112.0.1,4.159,3,tcp-ack-sport,95,0,607154,11,64628,5,253,3,2
40,2024-12-07 09:51:14,192.168.1.27,1,0,130.104.228.159,0,118,2,1733575878,1,10.50.3.21,2,191.112.0.1,4.684,3,tcp-ack-sport,95,0,857411,11,64629,5,253,3,2
40,2024-12-07 09:51:14,192.168.1.27,1,0,130.104.228.159,0,62,2,1733575879,1,10.50.3.21,2,191.112.0.1,4.881,3,tcp-ack-sport,95,0,358484,11,64620,5,253,3,2
40,2024-12-07 09:51:14,192.168.1.27,1,0,130.104.228.159,0,348,2,1733575880,1,10.50.3.10,2,191.112.0.1,5.101,3,tcp-ack-sport,95,0,109907,11,64622,5,252,4,2
40,2024-12-07 09:51:14,192.168.1.27,1,0,130.104.228.159,0,604,2,1733575885,1,10.50.3.10,2,191.112.0.1,3.897,3,tcp-ack-sport,95,1,360845,11,64623,5,252,4,2
40,2024-12-07 09:51:14,192.168.1.27,1,0,130.104.228.159,0,717,2,1733575885,1,10.50.3.10,2,191.112.0.1,4.616,3,tcp-ack-sport,95,0,611100,11,64624,5,252,4,2
40,2024-12-07 09:51:14,192.168.1.27,1,0,130.104.228.159,0,733,2,1733575885,1,10.50.3.10,2,191.112.0.1,4.458,3,tcp-ack-sport,95,0,862136,11,64625,5,252,4,2
40,2024-12-07 09:51:14,192.168.1.27,1,0,130.104.228.159,0,911,2,1733575886,1,10.50.3.10,2,191.112.0.1,4.438,3,tcp-ack-sport,95,0,363640,11,64627,5,252,4,2
40,2024-12-07 09:51:14,192.168.1.27,1,0,130.104.228.159,0,89,2,1733575887,1,10.50.3.10,2,191.112.0.1,4.277,3,tcp-ack-sport,95,0,115733,11,64630,5,252,4,2
40,2024-12-07 09:51:14,192.168.1.27,1,0,130.104.228.159,0,0,2,1733575879,1,10.50.3.22,2,191.112.0.1,3.956,3,tcp-ack-sport,95,0,608593,11,64620,5,252,4,2
40,2024-12-07 09:51:14,192.168.1.27,1,0,130.104.228.159,0,0,2,1733575879,1,10.50.3.22,2,191.112.0.1,4.26,3,tcp-ack-sport,95,0,859205,11,64621,5,252,4,2
40,2024-12-07 09:51:14,192.168.1.27,1,0,130.104.228.159,0,0,2,1733575886,1,10.50.3.22,2,191.112.0.1,4.192,3,tcp-ack-sport,95,0,113010,11,64626,5,252,4,2
40,2024-12-07 09:51:14,192.168.1.27,1,0,130.104.228.159,0,0,2,1733575886,1,10.50.3.22,2,191.112.0.1,4.566,3,tcp-ack-sport,95,0,614516,11,64628,5,252,4,2
40,2024-12-07 09:51:14,192.168.1.27,1,0,130.104.228.159,0,0,2,1733575886,1,10.50.3.22,2,191.112.0.1,3.856,3,tcp-ack-sport,95,0,865522,11,64629,5,252,4,2
44,2024-12-07 09:57:20,192.168.1.27,1,0,185.131.204.20,0,489,2,1733576240,1,191.112.0.1,2,192.168.1.1,3.979,3,udp-sport,95,0,917796,11,35405,5,254,2,2
44,2024-12-07 09:57:20,192.168.1.27,1,0,185.131.204.20,0,490,2,1733576241,1,191.112.0.1,2,192.168.1.1,4.562,3,udp-sport,95,0,168139,11,35406,5,254,2,2
44,2024-12-07 09:57:20,192.168.1.27,1,0,185.131.204.20,0,493,2,1733576241,1,191.112.0.1,2,192.168.1.1,4.265,3,udp-sport,95,0,418994,11,35407,5,254,2,2
44,2024-12-07 09:57:20,192.168.1.27,1,0,185.131.204.20,0,495,2,1733576241,1,191.112.0.1,2,192.168.1.1,6.18,3,udp-sport,95,0,669650,11,35408,5,254,2,2
44,2024-12-07 09:57:20,192.168.1.27,1,0,185.131.204.20,0,499,2,1733576241,1,191.112.0.1,2,192.168.1.1,4.899,3,udp-sport,95,0,920334,11,35409,5,254,2,2
44,2024-12-07 09:57:20,192.168.1.27,1,0,185.131.204.20,0,500,2,1733576242,1,191.112.0.1,2,192.168.1.1,4.231,3,udp-sport,95,0,170569,11,35410,5,254,2,2
44,2024-12-07 09:57:20,192.168.1.27,1,0,185.131.204.20,0,715,2,1733576247,1,10.50.3.9,2,191.112.0.1,3.271,3,udp-sport,95,1,422003,11,35405,5,253,3,2
44,2024-12-07 09:57:20,192.168.1.27,1,0,185.131.204.20,0,400,2,1733576257,1,10.50.3.9,2,191.112.0.1,3.069,3,udp-sport,95,0,673525,11,35407,5,253,3,2
44,2024-12-07 09:57:20,192.168.1.27,1,0,185.131.204.20,0,1023,2,1733576262,1,10.50.3.9,2,191.112.0.1,3.676,3,udp-sport,95,1,923911,11,35408,5,253,3,2
44,2024-12-07 09:57:20,192.168.1.27,1,0,185.131.204.20,0,569,2,1733576268,1,10.50.3.9,2,191.112.0.1,3.676,3,udp-sport,95,1,426466,11,35410,5,253,3,2
44,2024-12-07 09:57:20,192.168.1.27,1,0,185.131.204.20,0,620,2,1733576268,1,10.50.3.9,2,191.112.0.1,4.107,3,udp-sport,95,0,677500,11,35411,5,253,3,2
44,2024-12-07 09:57:20,192.168.1.27,1,0,185.131.204.20,0,249,2,1733576268,1,10.50.3.9,2,191.112.0.1,4.323,3,udp-sport,95,0,928446,11,35412,5,253,3,2
44,2024-12-07 09:57:20,192.168.1.27,1,0,185.131.204.20,0,267,2,1733576269,1,10.50.3.9,2,191.112.0.1,3.895,3,udp-sport,95,0,179009,11,35413,5,253,3,2
44,2024-12-07 09:57:20,192.168.1.27,1,0,185.131.204.20,0,426,2,1733576274,1,10.50.3.9,2,191.112.0.1,4.423,3,udp-sport,95,0,680284,11,35415,5,253,3,2
44,2024-12-07 09:57:20,192.168.1.27,1,0,185.131.204.20,0,305,2,1733576263,1,10.50.3.21,2,191.112.0.1,5.143,3,udp-sport,95,0,174873,11,35409,5,253,3,2
44,2024-12-07 09:57:20,192.168.1.27,1,0,185.131.204.20,0,372,2,1733576274,1,10.50.3.21,2,191.112.0.1,4.43,3,udp-sport,95,1,429479,11,35414,5,253,3,2
44,2024-12-07 09:57:20,192.168.1.27,1,0,185.131.204.20,0,480,2,1733576274,1,10.50.3.21,2,191.112.0.1,4.294,3,udp-sport,95,0,930503,11,35416,5,253,3,2
44,2024-12-07 09:57:20,192.168.1.27,1,0,185.131.204.20,0,977,2,1733576275,1,10.50.3.10,2,191.112.0.1,4.463,3,udp-sport,95,0,682542,11,35407,5,252,4,2
44,2024-12-07 09:57:20,192.168.1.27,1,0,185.131.204.20,0,980,2,1733576276,1,10.50.3.10,2,191.112.0.1,4.721,3,udp-sport,95,0,433846,11,35410,5,252,4,2
44,2024-12-07 09:57:20,192.168.1.27,1,0,185.131.204.20,0,194,2,1733576276,1,10.50.3.10,2,191.112.0.1,3.091,3,udp-sport,95,0,683865,11,35411,5,252,4,2
44,2024-12-07 09:57:20,192.168.1.27,1,0,185.131.204.20,0,303,2,1733576276,1,10.50.3.10,2,191.112.0.1,3.849,3,udp-sport,95,0,934703,11,35412,5,252,4,2
44,2024-12-07 09:57:20,192.168.1.27,1,0,185.131.204.20,0,174,2,1733576277,1,10.50.3.10,2,191.112.0.1,4.327,3,udp-sport,95,0,185735,11,35413,5,252,4,2
44,2024-12-07 09:57:20,192.168.1.27,1,0,185.131.204.20,0,0,2,1733576275,1,10.50.3.22,2,191.112.0.1,12.142,3,udp-sport,95,0,181151,11,35405,5,252,4,2
44,2024-12-07 09:57:20,192.168.1.27,1,0,185.131.204.20,0,0,2,1733576275,1,10.50.3.22,2,191.112.0.1,2.387,3,udp-sport,95,0,431654,11,35406,5,252,4,2
44,2024-12-07 09:57:20,192.168.1.27,1,0,185.131.204.20,0,0,2,1733576275,1,10.50.3.22,2,191.112.0.1,4.017,3,udp-sport,95,0,932952,11,35408,5,252,4,2
44,2024-12-07 09:57:20,192.168.1.27,1,0,185.131.204.20,0,0,2,1733576276,1,10.50.3.22,2,191.112.0.1,13.444,3,udp-sport,95,0,183028,11,35409,5,252,4,2
44,2024-12-07 09:57:20,192.168.1.27,1,0,185.131.204.20,0,0,2,1733576277,1,10.50.3.22,2,191.112.0.1,4.294,3,udp-sport,95,0,436416,11,35414,5,252,4,2
44,2024-12-07 09:57:20,192.168.1.27,1,0,185.131.204.20,0,0,2,1733576277,1,10.50.3.22,2,191.112.0.1,4.025,3,udp-sport,95,0,687061,11,35415,5,252,4,2
44,2024-12-07 09:48:45,192.168.1.27,1,0,130.104.228.159,0,208,2,1733575726,1,191.112.0.1,2,192.168.1.1,4.795,3,udp-sport,95,0,246183,11,63459,5,254,2,2
44,2024-12-07 09:48:45,192.168.1.27,1,0,130.104.228.159,0,214,2,1733575726,1,191.112.0.1,2,192.168.1.1,4.123,3,udp-sport,95,0,496335,11,63460,5,254,2,2
44,2024-12-07 09:48:45,192.168.1.27,1,0,130.104.228.159,0,220,2,1733575726,1,191.112.0.1,2,192.168.1.1,5.09,3,udp-sport,95,0,746897,11,63461,5,254,2,2
44,2024-12-07 09:48:45,192.168.1.27,1,0,130.104.228.159,0,225,2,1733575726,1,191.112.0.1,2,192.168.1.1,3.996,3,udp-sport,95,0,997417,11,63462,5,254,2,2
44,2024-12-07 09:48:45,192.168.1.27,1,0,130.104.228.159,0,230,2,1733575727,1,191.112.0.1,2,192.168.1.1,4.787,3,udp-sport,95,0,247863,11,63463,5,254,2,2
44,2024-12-07 09:48:45,192.168.1.27,1,0,130.104.228.159,0,233,2,1733575727,1,191.112.0.1,2,192.168.1.1,4.393,3,udp-sport,95,0,498012,11,63464,5,254,2,2
44,2024-12-07 09:48:45,192.168.1.27,1,0,130.104.228.159,0,472,2,1733575727,1,10.50.3.9,2,191.112.0.1,4.361,3,udp-sport,95,0,749106,11,63459,5,253,3,2
44,2024-12-07 09:48:45,192.168.1.27,1,0,130.104.228.159,0,589,2,1733575728,1,10.50.3.9,2,191.112.0.1,3.825,3,udp-sport,95,0,250779,11,63461,5,253,3,2
44,2024-12-07 09:48:45,192.168.1.27,1,0,130.104.228.159,0,937,2,1733575734,1,10.50.3.9,2,191.112.0.1,4.534,3,udp-sport,95,0,252998,11,63465,5,253,3,2
44,2024-12-07 09:48:45,192.168.1.27,1,0,130.104.228.159,0,596,2,1733575739,1,10.50.3.9,2,191.112.0.1,4.606,3,udp-sport,95,0,755182,11,63467,5,253,3,2
44,2024-12-07 09:48:45,192.168.1.27,1,0,130.104.228.159,0,377,2,1733575727,1,10.50.3.21,2,191.112.0.1,3.339,3,udp-sport,95,0,999999,11,63460,5,253,3,2
44,2024-12-07 09:48:45,192.168.1.27,1,0,130.104.228.159,0,587,2,1733575733,1,10.50.3.21,2,191.112.0.1,4.408,3,udp-sport,95,1,501178,11,63462,5,253,3,2
44,2024-12-07 09:48:45,192.168.1.27,1,0,130.104.228.159,0,649,2,1733575733,1,10.50.3.21,2,191.112.0.1,3.081,3,udp-sport,95,0,752021,11,63463,5,253,3,2
44,2024-12-07 09:48:45,192.168.1.27,1,0,130.104.228.159,0,717,2,1733575734,1,10.50.3.21,2,191.112.0.1,4.157,3,udp-sport,95,0,2410,11,63464,5,253,3,2
44,2024-12-07 09:48:45,192.168.1.27,1,0,130.104.228.159,0,33,2,1733575739,1,10.50.3.21,2,191.112.0.1,4.489,3,udp-sport,95,1,504274,11,63466,5,253,3,2
44,2024-12-07 09:48:45,192.168.1.27,1,0,130.104.228.159,0,162,2,1733575740,1,10.50.3.21,2,191.112.0.1,4.292,3,udp-sport,95,0,6226,11,63468,5,253,3,2
44,2024-12-07 09:48:45,192.168.1.27,1,0,130.104.228.159,0,424,2,1733575745,1,10.50.3.21,2,191.112.0.1,3.489,3,udp-sport,95,1,257769,11,63469,5,253,3,2
44,2024-12-07 09:48:45,192.168.1.27,1,0,130.104.228.159,0,400,2,1733575745,1,10.50.3.21,2,191.112.0.1,6.471,3,udp-sport,95,0,508632,11,63459,5,253,3,2
